studentNumber,studentName,StudentEmail
202313421,Claybourne Zuppa,ClaybourneZuppa@cvsu.edu.ph
202330361,Lenka Vahey,LenkaVahey@cvsu.edu.ph
202388854,Kippy Leworthy,KippyLeworthy@cvsu.edu.ph
202356458,Shaylyn Offield,ShaylynOffield@cvsu.edu.ph
202368508,Luciana Kisar,LucianaKisar@cvsu.edu.ph
202324451,Valentino Petren,ValentinoPetren@cvsu.edu.ph
202317703,Sheffy Copland,SheffyCopland@cvsu.edu.ph
202359039,Gwendolyn Moffett,GwendolynMoffett@cvsu.edu.ph
202369396,Jacobo Peat,JacoboPeat@cvsu.edu.ph
202319228,Farleigh Lehrmann,FarleighLehrmann@cvsu.edu.ph
202387296,Franchot Olivetta,FranchotOlivetta@cvsu.edu.ph
202383853,Sandro Belton,SandroBelton@cvsu.edu.ph
202337961,Kym Olivey,KymOlivey@cvsu.edu.ph
202366313,Tamqrah Filipov,TamqrahFilipov@cvsu.edu.ph
202338346,Gisella Linnit,GisellaLinnit@cvsu.edu.ph
202338021,Munroe Linbohm,MunroeLinbohm@cvsu.edu.ph
202343917,Etty Gyurko,EttyGyurko@cvsu.edu.ph
202398616,Dacy Dutt,DacyDutt@cvsu.edu.ph
202357680,Randa Saing,RandaSaing@cvsu.edu.ph
202394407,Kirsti Domke,KirstiDomke@cvsu.edu.ph
202384481,Florian Diperaus,FlorianDiperaus@cvsu.edu.ph
202359231,Donovan Norquoy,DonovanNorquoy@cvsu.edu.ph
202399693,Misti Kingstne,MistiKingstne@cvsu.edu.ph
202327262,Joane Loughman,JoaneLoughman@cvsu.edu.ph
202305749,Greg Dallicott,GregDallicott@cvsu.edu.ph
202380915,Perle Cottis,PerleCottis@cvsu.edu.ph
202305923,Guillaume Spavon,GuillaumeSpavon@cvsu.edu.ph
202362365,Drusie Voaden,DrusieVoaden@cvsu.edu.ph
202350353,Pasquale Monnery,PasqualeMonnery@cvsu.edu.ph
202342796,Winny Cellone,WinnyCellone@cvsu.edu.ph
202312243,Woodie Roussel,WoodieRoussel@cvsu.edu.ph
202367794,Barbra Farrans,BarbraFarrans@cvsu.edu.ph
202382479,Demott Waylett,DemottWaylett@cvsu.edu.ph
202398819,Dexter McGinly,DexterMcGinly@cvsu.edu.ph
202363776,Carri Human,CarriHuman@cvsu.edu.ph
202338294,Amberly Belchambers,AmberlyBelchambers@cvsu.edu.ph
202366506,Persis Pettit,PersisPettit@cvsu.edu.ph
202329429,Mae Heinsius,MaeHeinsius@cvsu.edu.ph
202332574,Windham Laise,WindhamLaise@cvsu.edu.ph
202354925,Hildagard Kilbride,HildagardKilbride@cvsu.edu.ph
202386753,Terese Vockins,TereseVockins@cvsu.edu.ph
202313123,Idell Brixham,IdellBrixham@cvsu.edu.ph
202392352,Adolph Petrolli,AdolphPetrolli@cvsu.edu.ph
202304540,Orv Keysel,OrvKeysel@cvsu.edu.ph
202319928,Ellis Mordie,EllisMordie@cvsu.edu.ph
202351038,Kalle Anglish,KalleAnglish@cvsu.edu.ph
202376737,Bondon Skene,BondonSkene@cvsu.edu.ph
202368340,Jana Sancroft,JanaSancroft@cvsu.edu.ph
202334031,Ash Miko,AshMiko@cvsu.edu.ph
202393345,Janela Cessford,JanelaCessford@cvsu.edu.ph
202308627,Carley Goseling,CarleyGoseling@cvsu.edu.ph
202367674,Harbert Orth,HarbertOrth@cvsu.edu.ph
202398458,Jodie Applegate,JodieApplegate@cvsu.edu.ph
202361404,Annabelle Dance,AnnabelleDance@cvsu.edu.ph
202392236,Raddy Cardozo,RaddyCardozo@cvsu.edu.ph
202321480,Joel Ambrosoli,JoelAmbrosoli@cvsu.edu.ph
202389197,Glennis Brabin,GlennisBrabin@cvsu.edu.ph
202373729,Hogan Gontier,HoganGontier@cvsu.edu.ph
202348753,Sharai Sollner,SharaiSollner@cvsu.edu.ph
202329028,Harriett Abrahamsen,HarriettAbrahamsen@cvsu.edu.ph
202374022,Fayre Scryne,FayreScryne@cvsu.edu.ph
202364972,Judd Yoskowitz,JuddYoskowitz@cvsu.edu.ph
202321114,Krissy Greveson,KrissyGreveson@cvsu.edu.ph
202399812,Thibaut Gurden,ThibautGurden@cvsu.edu.ph
202334015,Gunter Wyllis,GunterWyllis@cvsu.edu.ph
202360254,Pamelina Whiteford,PamelinaWhiteford@cvsu.edu.ph
202363755,Alfredo Schmidt,AlfredoSchmidt@cvsu.edu.ph
202344302,Madelon Sigmund,MadelonSigmund@cvsu.edu.ph
202369739,Aristotle Vowden,AristotleVowden@cvsu.edu.ph
202397431,Kimbell Ilett,KimbellIlett@cvsu.edu.ph
202312654,Ashlen Fairlamb,AshlenFairlamb@cvsu.edu.ph
202373976,Timmi Stocky,TimmiStocky@cvsu.edu.ph
202399028,Park Fletham,ParkFletham@cvsu.edu.ph
202324511,Fianna Tesoe,FiannaTesoe@cvsu.edu.ph
202352562,Darleen Stormonth,DarleenStormonth@cvsu.edu.ph
202315485,Cash Alenov,CashAlenov@cvsu.edu.ph
202387071,Trenna Brownett,TrennaBrownett@cvsu.edu.ph
202320812,Dag Ropkins,DagRopkins@cvsu.edu.ph
202306672,Karel Cholton,KarelCholton@cvsu.edu.ph
202303639,Vaughan Elsmore,VaughanElsmore@cvsu.edu.ph
202311042,Pearla Gammack,PearlaGammack@cvsu.edu.ph
202328393,Stacee Havik,StaceeHavik@cvsu.edu.ph
202302863,Mick Avery,MickAvery@cvsu.edu.ph
202342509,Claudine Mansford,ClaudineMansford@cvsu.edu.ph
202383345,Ephrayim Eichmann,EphrayimEichmann@cvsu.edu.ph
202395240,Ferdinande Throssell,FerdinandeThrossell@cvsu.edu.ph
202351302,Gennifer Roddick,GenniferRoddick@cvsu.edu.ph
202383376,Ericha Geeraert,ErichaGeeraert@cvsu.edu.ph
202303977,Jobye Boother,JobyeBoother@cvsu.edu.ph
202394084,Dreddy Plumbridge,DreddyPlumbridge@cvsu.edu.ph
202359733,Vallie Burnel,VallieBurnel@cvsu.edu.ph
202300516,Delmore Brogden,DelmoreBrogden@cvsu.edu.ph
202317306,Allen McNish,AllenMcNish@cvsu.edu.ph
202379288,Cherey Morley,ChereyMorley@cvsu.edu.ph
202385752,Harli Haddington,HarliHaddington@cvsu.edu.ph
202317900,Emlyn Bernardt,EmlynBernardt@cvsu.edu.ph
202302678,Oberon Caldairou,OberonCaldairou@cvsu.edu.ph
202317677,Fionna Murtimer,FionnaMurtimer@cvsu.edu.ph
202328401,Ranna Penkman,RannaPenkman@cvsu.edu.ph
202307748,Dorella Musicka,DorellaMusicka@cvsu.edu.ph
202347950,Derrik Bourton,DerrikBourton@cvsu.edu.ph
202300612,Myrah Maddrah,MyrahMaddrah@cvsu.edu.ph
202391508,Danyette Bichard,DanyetteBichard@cvsu.edu.ph
202396935,Ulberto Vellacott,UlbertoVellacott@cvsu.edu.ph
202310793,Vivianna Graith,ViviannaGraith@cvsu.edu.ph
202320507,Claudia Grinston,ClaudiaGrinston@cvsu.edu.ph
202321057,Haily Roderigo,HailyRoderigo@cvsu.edu.ph
202392050,Roxana McLaren,RoxanaMcLaren@cvsu.edu.ph
202379781,Rhianna Sinott,RhiannaSinott@cvsu.edu.ph
202308142,Lucian Mulran,LucianMulran@cvsu.edu.ph
202357257,Jordon Sobieski,JordonSobieski@cvsu.edu.ph
202375478,Abie Stringfellow,AbieStringfellow@cvsu.edu.ph
202363298,Bidget Eaddy,BidgetEaddy@cvsu.edu.ph
202346138,Pooh Ironside,PoohIronside@cvsu.edu.ph
202326894,Pat Alldritt,PatAlldritt@cvsu.edu.ph
202303351,Lucius Spaight,LuciusSpaight@cvsu.edu.ph
202351848,Aldrich Ratnege,AldrichRatnege@cvsu.edu.ph
202341841,Elfreda Bakesef,ElfredaBakesef@cvsu.edu.ph
202374981,Corinne Bellwood,CorinneBellwood@cvsu.edu.ph
202318297,Ethelin Rolstone,EthelinRolstone@cvsu.edu.ph
202320111,Devlen Gaddes,DevlenGaddes@cvsu.edu.ph
202325359,Nicki Obey,NickiObey@cvsu.edu.ph
202378510,Romonda Maile,RomondaMaile@cvsu.edu.ph
202303647,Noland Carse,NolandCarse@cvsu.edu.ph
202323408,Ichabod Rickasse,IchabodRickasse@cvsu.edu.ph
202327877,Carmelia Coursor,CarmeliaCoursor@cvsu.edu.ph
202375532,Sherilyn Dowzell,SherilynDowzell@cvsu.edu.ph
202345378,Kirbee Bysaker,KirbeeBysaker@cvsu.edu.ph
202343872,Bear Hardaway,BearHardaway@cvsu.edu.ph
202390112,Celestyn Parlor,CelestynParlor@cvsu.edu.ph
202339203,Luelle Jurasz,LuelleJurasz@cvsu.edu.ph
202342414,Renie Sprowson,RenieSprowson@cvsu.edu.ph
202399235,Foss Cranney,FossCranney@cvsu.edu.ph
202396292,Joane Bayston,JoaneBayston@cvsu.edu.ph
202370655,Diana Gilhouley,DianaGilhouley@cvsu.edu.ph
202316754,Alia Bernucci,AliaBernucci@cvsu.edu.ph
202304528,Harman Kondratowicz,HarmanKondratowicz@cvsu.edu.ph
202331928,Onida Castan,OnidaCastan@cvsu.edu.ph
202379626,Lindy Catenot,LindyCatenot@cvsu.edu.ph
202386889,Oliy Heckner,OliyHeckner@cvsu.edu.ph
202317816,Ogden Pantecost,OgdenPantecost@cvsu.edu.ph
202318790,Angelique Hierro,AngeliqueHierro@cvsu.edu.ph
202300644,Kattie Rosingdall,KattieRosingdall@cvsu.edu.ph
202350083,Drona Matis,DronaMatis@cvsu.edu.ph
202376936,Lionello Bellefant,LionelloBellefant@cvsu.edu.ph
202380107,Gwenny Merali,GwennyMerali@cvsu.edu.ph
202367006,Woodman Gambie,WoodmanGambie@cvsu.edu.ph
202357850,Roxana Frays,RoxanaFrays@cvsu.edu.ph
202388343,Layne Mace,LayneMace@cvsu.edu.ph
202321197,Joyan Haysom,JoyanHaysom@cvsu.edu.ph
202335229,Mitchael Benit,MitchaelBenit@cvsu.edu.ph
202339680,Bliss Triswell,BlissTriswell@cvsu.edu.ph
202347621,Lauralee Sleney,LauraleeSleney@cvsu.edu.ph
202380423,Stanly Drexel,StanlyDrexel@cvsu.edu.ph
202397156,Kitti Gatehouse,KittiGatehouse@cvsu.edu.ph
202300286,Rochette Chaney,RochetteChaney@cvsu.edu.ph
202378306,Karlotta Sebrens,KarlottaSebrens@cvsu.edu.ph
202336852,Holden Frangleton,HoldenFrangleton@cvsu.edu.ph
202329545,Cristionna Konneke,CristionnaKonneke@cvsu.edu.ph
202382098,Darill Meegin,DarillMeegin@cvsu.edu.ph
202318788,Gideon Roobottom,GideonRoobottom@cvsu.edu.ph
202366249,Parsifal Moraleda,ParsifalMoraleda@cvsu.edu.ph
202346104,Britta Shiliton,BrittaShiliton@cvsu.edu.ph
202334216,Aeriel Caplan,AerielCaplan@cvsu.edu.ph
202302296,Salaidh Sommers,SalaidhSommers@cvsu.edu.ph
202360097,Allene Harsant,AlleneHarsant@cvsu.edu.ph
202316708,Shaun Ebbles,ShaunEbbles@cvsu.edu.ph
202393172,Gavin Van Bruggen,GavinVanBruggen@cvsu.edu.ph
202365285,Tania Gorch,TaniaGorch@cvsu.edu.ph
202334179,Auria Klima,AuriaKlima@cvsu.edu.ph
202308484,Phillie Gosson,PhillieGosson@cvsu.edu.ph
202317652,Tonia Bettenay,ToniaBettenay@cvsu.edu.ph
202353438,Marcel Lipgens,MarcelLipgens@cvsu.edu.ph
202394456,Marcille Sarge,MarcilleSarge@cvsu.edu.ph
202319126,Constantine Ceaplen,ConstantineCeaplen@cvsu.edu.ph
202305967,Zilvia Pritchard,ZilviaPritchard@cvsu.edu.ph
202390106,Jessalyn Sherborn,JessalynSherborn@cvsu.edu.ph
202367703,Vivyanne Willock,VivyanneWillock@cvsu.edu.ph
202326598,Aeriela Lukins,AerielaLukins@cvsu.edu.ph
202347971,Dorita Antecki,DoritaAntecki@cvsu.edu.ph
202362699,Ulla McOmish,UllaMcOmish@cvsu.edu.ph
202396181,Hayward Glenny,HaywardGlenny@cvsu.edu.ph
202308126,Chico McCully,ChicoMcCully@cvsu.edu.ph
202393163,Alon Brasseur,AlonBrasseur@cvsu.edu.ph
202347206,Godwin McDougal,GodwinMcDougal@cvsu.edu.ph
202362579,Anette Whitehall,AnetteWhitehall@cvsu.edu.ph
202351704,Dara Drane,DaraDrane@cvsu.edu.ph
202368253,Anders Beaten,AndersBeaten@cvsu.edu.ph
202392125,Timothy Dransfield,TimothyDransfield@cvsu.edu.ph
202344745,Katrinka Secrett,KatrinkaSecrett@cvsu.edu.ph
202344329,Anatola Grievson,AnatolaGrievson@cvsu.edu.ph
202335333,Reine Confort,ReineConfort@cvsu.edu.ph
202361910,Vyky Huard,VykyHuard@cvsu.edu.ph
202300394,Meir Kimblen,MeirKimblen@cvsu.edu.ph
202353228,Theodor Aspall,TheodorAspall@cvsu.edu.ph
202333810,Peyter Jeynes,PeyterJeynes@cvsu.edu.ph
202368592,Loren Cronshaw,LorenCronshaw@cvsu.edu.ph
202356124,Levi Antoniak,LeviAntoniak@cvsu.edu.ph
202370181,Anson Ventum,AnsonVentum@cvsu.edu.ph
202388839,Kerrill Blaxill,KerrillBlaxill@cvsu.edu.ph
202366632,Leela Shuxsmith,LeelaShuxsmith@cvsu.edu.ph
202349388,Abie Frank,AbieFrank@cvsu.edu.ph
202355865,Glynis Rockwill,GlynisRockwill@cvsu.edu.ph
202353978,Hamish Olner,HamishOlner@cvsu.edu.ph
202303260,Hube Giraldo,HubeGiraldo@cvsu.edu.ph
202383866,Dori Hun,DoriHun@cvsu.edu.ph
202350213,Maryellen Risely,MaryellenRisely@cvsu.edu.ph
202344719,Frazer Jennins,FrazerJennins@cvsu.edu.ph
202339953,Wilek Sollom,WilekSollom@cvsu.edu.ph
202311908,Yuma Swatton,YumaSwatton@cvsu.edu.ph
202342184,Cynthia Masi,CynthiaMasi@cvsu.edu.ph
202345241,Micky Bohlje,MickyBohlje@cvsu.edu.ph
202379483,Valle Santus,ValleSantus@cvsu.edu.ph
202344814,Barry Bickell,BarryBickell@cvsu.edu.ph
202378367,Keslie Syres,KeslieSyres@cvsu.edu.ph
202378268,Joby Loosley,JobyLoosley@cvsu.edu.ph
202353561,Marvin Thomassen,MarvinThomassen@cvsu.edu.ph
202332216,Delainey Purseglove,DelaineyPurseglove@cvsu.edu.ph
202362147,Matthieu Fowden,MatthieuFowden@cvsu.edu.ph
202331640,Nolie Shingler,NolieShingler@cvsu.edu.ph
202369052,Celine Pinnijar,CelinePinnijar@cvsu.edu.ph
202364907,Norina Hingeley,NorinaHingeley@cvsu.edu.ph
202377209,Terri-jo Ahlf,Terri-joAhlf@cvsu.edu.ph
202393583,Marion Immings,MarionImmings@cvsu.edu.ph
202391785,Royall Kinrade,RoyallKinrade@cvsu.edu.ph
202332866,Cindra Fruen,CindraFruen@cvsu.edu.ph
202306777,Robert Robiot,RobertRobiot@cvsu.edu.ph
202361650,Rita Offer,RitaOffer@cvsu.edu.ph
202309289,Jake Nockles,JakeNockles@cvsu.edu.ph
202341471,Kelsi Eads,KelsiEads@cvsu.edu.ph
202304506,Faustine Staff,FaustineStaff@cvsu.edu.ph
202383246,Reuben Decker,ReubenDecker@cvsu.edu.ph
202346542,Alphard Dellar,AlphardDellar@cvsu.edu.ph
202316857,Kristen Lauks,KristenLauks@cvsu.edu.ph
202319166,Rolf Vanshin,RolfVanshin@cvsu.edu.ph
202383003,Genevieve Lifsey,GenevieveLifsey@cvsu.edu.ph
202323087,Valina Crease,ValinaCrease@cvsu.edu.ph
202361898,Isa Padfield,IsaPadfield@cvsu.edu.ph
202364405,Kanya Kidgell,KanyaKidgell@cvsu.edu.ph
202385793,Wendy Chastan,WendyChastan@cvsu.edu.ph
202329319,Dyana De Hailes,DyanaDeHailes@cvsu.edu.ph
202370433,Nicol Spark,NicolSpark@cvsu.edu.ph
202388238,Persis Eldon,PersisEldon@cvsu.edu.ph
202371021,Timothea Skillicorn,TimotheaSkillicorn@cvsu.edu.ph
202345551,Johanna Gregine,JohannaGregine@cvsu.edu.ph
202387609,Caroljean Cowderay,CaroljeanCowderay@cvsu.edu.ph
202328333,Rosana Steinham,RosanaSteinham@cvsu.edu.ph
202322479,Felice Rochford,FeliceRochford@cvsu.edu.ph
202363216,Camala Kirkham,CamalaKirkham@cvsu.edu.ph
202398301,Milissent Blakes,MilissentBlakes@cvsu.edu.ph
202374202,Ardisj Wannan,ArdisjWannan@cvsu.edu.ph
202368663,Estrella Bautiste,EstrellaBautiste@cvsu.edu.ph
202320909,Adolphus Friend,AdolphusFriend@cvsu.edu.ph
202328007,Bryce Mayhow,BryceMayhow@cvsu.edu.ph
202360547,Rici Dorre,RiciDorre@cvsu.edu.ph
202398086,Danny Heavyside,DannyHeavyside@cvsu.edu.ph
202395431,Dyan Schimpke,DyanSchimpke@cvsu.edu.ph
202379218,Skip Oganian,SkipOganian@cvsu.edu.ph
202307307,Pammie Deesly,PammieDeesly@cvsu.edu.ph
202303029,Silva Van der Beken,SilvaVanderBeken@cvsu.edu.ph
202351343,Editha Shrive,EdithaShrive@cvsu.edu.ph
202344332,Gallagher Maudsley,GallagherMaudsley@cvsu.edu.ph
202320678,Sheffy Ibbott,SheffyIbbott@cvsu.edu.ph
202345897,Eleonore Blue,EleonoreBlue@cvsu.edu.ph
202335736,Ferrell Wheaton,FerrellWheaton@cvsu.edu.ph
202313550,Westleigh Murty,WestleighMurty@cvsu.edu.ph
202308850,Juana Gorger,JuanaGorger@cvsu.edu.ph
202329155,Natalya Stanyan,NatalyaStanyan@cvsu.edu.ph
202322492,Sal Pink,SalPink@cvsu.edu.ph
202363781,Kendal Gehring,KendalGehring@cvsu.edu.ph
202353196,Cara Leftley,CaraLeftley@cvsu.edu.ph
202305316,Evanne Dimnage,EvanneDimnage@cvsu.edu.ph
202341004,Lilia Muffett,LiliaMuffett@cvsu.edu.ph
202380193,Christina Isgar,ChristinaIsgar@cvsu.edu.ph
202311486,Katy Cutbush,KatyCutbush@cvsu.edu.ph
202325583,Beverlee Leap,BeverleeLeap@cvsu.edu.ph
202349377,Raye Meineking,RayeMeineking@cvsu.edu.ph
202310976,Earlie Anthona,EarlieAnthona@cvsu.edu.ph
202357745,Timothee Hulkes,TimotheeHulkes@cvsu.edu.ph
202315450,Tonia Celiz,ToniaCeliz@cvsu.edu.ph
202353990,Ellary Neumann,EllaryNeumann@cvsu.edu.ph
202321119,Emmalynn Yurenev,EmmalynnYurenev@cvsu.edu.ph
202388632,Hewe Cranmor,HeweCranmor@cvsu.edu.ph
202329900,Zach Barrowcliffe,ZachBarrowcliffe@cvsu.edu.ph
202399554,Elsworth Batteson,ElsworthBatteson@cvsu.edu.ph
202303335,Vincenty Cullingworth,VincentyCullingworth@cvsu.edu.ph
202382440,Carissa Dubery,CarissaDubery@cvsu.edu.ph
202324973,Laurice Jaukovic,LauriceJaukovic@cvsu.edu.ph
202354583,Dyan Meert,DyanMeert@cvsu.edu.ph
202333894,Oswell Gutowska,OswellGutowska@cvsu.edu.ph
202307284,Louisa Kerrich,LouisaKerrich@cvsu.edu.ph
202328618,Randal Wyer,RandalWyer@cvsu.edu.ph
202393082,Cad Tippin,CadTippin@cvsu.edu.ph
202359197,Raddy Kobpa,RaddyKobpa@cvsu.edu.ph
202338723,Trent Knewstub,TrentKnewstub@cvsu.edu.ph
202332112,Basia Kirsop,BasiaKirsop@cvsu.edu.ph
202375338,Elden Szymanski,EldenSzymanski@cvsu.edu.ph
202397175,Dena Kaine,DenaKaine@cvsu.edu.ph
202335189,Lydia Swanbourne,LydiaSwanbourne@cvsu.edu.ph
202305342,Zach Prigg,ZachPrigg@cvsu.edu.ph
202379229,Flossi Dubose,FlossiDubose@cvsu.edu.ph
202323922,Rea Girardey,ReaGirardey@cvsu.edu.ph
202392614,Hettie Mulqueeny,HettieMulqueeny@cvsu.edu.ph
202390428,Taddeo McClenaghan,TaddeoMcClenaghan@cvsu.edu.ph
202328644,Sylvester Hyams,SylvesterHyams@cvsu.edu.ph
202380226,Fritz Caghan,FritzCaghan@cvsu.edu.ph
202347973,Luciano Mechell,LucianoMechell@cvsu.edu.ph
202300169,Kane Muncer,KaneMuncer@cvsu.edu.ph
202317084,Brittani Dougharty,BrittaniDougharty@cvsu.edu.ph
202343571,Xymenes Peealess,XymenesPeealess@cvsu.edu.ph
202370984,Dee dee Gibling,DeedeeGibling@cvsu.edu.ph
202301410,Dew Lewerenz,DewLewerenz@cvsu.edu.ph
202337991,Zebulon Amberg,ZebulonAmberg@cvsu.edu.ph
202301662,Aubrey Glencross,AubreyGlencross@cvsu.edu.ph
202345654,Sharleen Sedger,SharleenSedger@cvsu.edu.ph
202370328,Martica Littledike,MarticaLittledike@cvsu.edu.ph
202307916,Claudine Hastler,ClaudineHastler@cvsu.edu.ph
202337221,Charmian Lilleman,CharmianLilleman@cvsu.edu.ph
202348810,Clarice Dabbs,ClariceDabbs@cvsu.edu.ph
202377593,Shae Knight,ShaeKnight@cvsu.edu.ph
202319585,Lotti Planks,LottiPlanks@cvsu.edu.ph
202361952,Aymer Cosser,AymerCosser@cvsu.edu.ph
202395372,Vivien Guenther,VivienGuenther@cvsu.edu.ph
202305797,Boonie Brownlie,BoonieBrownlie@cvsu.edu.ph
202341868,Loni Egalton,LoniEgalton@cvsu.edu.ph
202309999,Jamal Grouer,JamalGrouer@cvsu.edu.ph
202328470,Lenard Saill,LenardSaill@cvsu.edu.ph
202353691,Stanfield Crace,StanfieldCrace@cvsu.edu.ph
202342669,Paddie MacDonough,PaddieMacDonough@cvsu.edu.ph
202300556,Judi Jack,JudiJack@cvsu.edu.ph
202306017,Riley Pherps,RileyPherps@cvsu.edu.ph
202380348,Feodor Gurnett,FeodorGurnett@cvsu.edu.ph
202380942,Llewellyn Eagleton,LlewellynEagleton@cvsu.edu.ph
202385652,Janie Getley,JanieGetley@cvsu.edu.ph
202336225,Rayna Rudolfer,RaynaRudolfer@cvsu.edu.ph
202313693,Yehudit Wickman,YehuditWickman@cvsu.edu.ph
202330702,Catha McQuorkel,CathaMcQuorkel@cvsu.edu.ph
202321172,Bambie Gimlet,BambieGimlet@cvsu.edu.ph
202383453,Vincenz Smithers,VincenzSmithers@cvsu.edu.ph
202390170,Murielle Swire,MurielleSwire@cvsu.edu.ph
202382638,Bernie Vasyukhichev,BernieVasyukhichev@cvsu.edu.ph
202380914,Pauly Elfitt,PaulyElfitt@cvsu.edu.ph
202345099,Pablo Keywood,PabloKeywood@cvsu.edu.ph
202367670,Alexandros Debold,AlexandrosDebold@cvsu.edu.ph
202358051,Edithe Kinningley,EditheKinningley@cvsu.edu.ph
202333057,Anjanette Goodluck,AnjanetteGoodluck@cvsu.edu.ph
202360114,Fidel Pattinson,FidelPattinson@cvsu.edu.ph
202326849,Celia Bandiera,CeliaBandiera@cvsu.edu.ph
202332262,Gypsy Hruska,GypsyHruska@cvsu.edu.ph
202346096,Edd Vacher,EddVacher@cvsu.edu.ph
202326861,Melisenda Babin,MelisendaBabin@cvsu.edu.ph
202398890,Tana Flarity,TanaFlarity@cvsu.edu.ph
202327818,Meris Zamboniari,MerisZamboniari@cvsu.edu.ph
202318609,Mohammed Brunstan,MohammedBrunstan@cvsu.edu.ph
202330317,Roseanne Itzchaky,RoseanneItzchaky@cvsu.edu.ph
202380447,Christophorus Mauger,ChristophorusMauger@cvsu.edu.ph
202333320,Sherwood Fronsek,SherwoodFronsek@cvsu.edu.ph
202314593,June Seabert,JuneSeabert@cvsu.edu.ph
202315239,Keefe Tresvina,KeefeTresvina@cvsu.edu.ph
202346038,Mateo Bustard,MateoBustard@cvsu.edu.ph
202368806,Enrica MacNess,EnricaMacNess@cvsu.edu.ph
202387744,Zebadiah Muncaster,ZebadiahMuncaster@cvsu.edu.ph
202307474,Janine Rymer,JanineRymer@cvsu.edu.ph
202331099,Tracie Dameisele,TracieDameisele@cvsu.edu.ph
202328348,Harlan Downs,HarlanDowns@cvsu.edu.ph
202365307,Rogers Brownell,RogersBrownell@cvsu.edu.ph
202395214,Kariotta Giggs,KariottaGiggs@cvsu.edu.ph
202334941,Katinka Bridgland,KatinkaBridgland@cvsu.edu.ph
202332767,Babb Chasles,BabbChasles@cvsu.edu.ph
202368156,Cobby Delagnes,CobbyDelagnes@cvsu.edu.ph
202343361,Petronille Mereweather,PetronilleMereweather@cvsu.edu.ph
202350888,Gunar Lafont,GunarLafont@cvsu.edu.ph
202306649,Boyce Twigg,BoyceTwigg@cvsu.edu.ph
202334682,Padget Lippiatt,PadgetLippiatt@cvsu.edu.ph
202354988,Manny Coveney,MannyCoveney@cvsu.edu.ph
202340660,Dana Gallihaulk,DanaGallihaulk@cvsu.edu.ph
202390035,Sabina Philipsson,SabinaPhilipsson@cvsu.edu.ph
202350418,Carol Davidovitz,CarolDavidovitz@cvsu.edu.ph
202354645,Ax Heinreich,AxHeinreich@cvsu.edu.ph
202372268,Prentice Dalyell,PrenticeDalyell@cvsu.edu.ph
202336919,Kayle Gyorffy,KayleGyorffy@cvsu.edu.ph
202367769,Ulysses Langeren,UlyssesLangeren@cvsu.edu.ph
202343919,Darci Brellin,DarciBrellin@cvsu.edu.ph
202345570,Nils Ugolini,NilsUgolini@cvsu.edu.ph
202372388,Portia Asman,PortiaAsman@cvsu.edu.ph
202380071,Dick Gilvear,DickGilvear@cvsu.edu.ph
202361315,Mandie Douche,MandieDouche@cvsu.edu.ph
202353599,Woodie Thirwell,WoodieThirwell@cvsu.edu.ph
202390430,Effie Punt,EffiePunt@cvsu.edu.ph
202387905,Ellery Kissick,ElleryKissick@cvsu.edu.ph
202349554,Adan Hachette,AdanHachette@cvsu.edu.ph
202355001,Patricia McAsgill,PatriciaMcAsgill@cvsu.edu.ph
202329820,Kirsten Sheran,KirstenSheran@cvsu.edu.ph
202356306,Rudiger Restall,RudigerRestall@cvsu.edu.ph
202363846,Flemming Mary,FlemmingMary@cvsu.edu.ph
202353510,Nye Goddert.sf,NyeGoddert.sf@cvsu.edu.ph
202368358,Lois Bathow,LoisBathow@cvsu.edu.ph
202371676,Dalston Ghelardi,DalstonGhelardi@cvsu.edu.ph
202368448,Bernadine Leeder,BernadineLeeder@cvsu.edu.ph
202313973,Kipper Wroe,KipperWroe@cvsu.edu.ph
202326911,Shawn Riggert,ShawnRiggert@cvsu.edu.ph
202369203,Adele Blowers,AdeleBlowers@cvsu.edu.ph
202393119,Filberte Golda,FilberteGolda@cvsu.edu.ph
202374338,Graeme Tal,GraemeTal@cvsu.edu.ph
202336017,Aime Bassano,AimeBassano@cvsu.edu.ph
202385138,Orlan Hindhaugh,OrlanHindhaugh@cvsu.edu.ph
202333054,Jacinthe Florey,JacintheFlorey@cvsu.edu.ph
202358423,Oswald Alcalde,OswaldAlcalde@cvsu.edu.ph
202315782,Tanney Jackalin,TanneyJackalin@cvsu.edu.ph
202381116,Cyndia Dawkes,CyndiaDawkes@cvsu.edu.ph
202308270,Neron Hundey,NeronHundey@cvsu.edu.ph
202307895,Edgard Bolley,EdgardBolley@cvsu.edu.ph
202376146,Caro Sange,CaroSange@cvsu.edu.ph
202384256,Grete Ledwich,GreteLedwich@cvsu.edu.ph
202344557,Cati Quoit,CatiQuoit@cvsu.edu.ph
202352424,Barton Mancer,BartonMancer@cvsu.edu.ph
202399219,Ilka Gulland,IlkaGulland@cvsu.edu.ph
202321140,Shanda O'Riordan,ShandaO'Riordan@cvsu.edu.ph
202354166,Vallie Chang,VallieChang@cvsu.edu.ph
202318308,Giuseppe MacGorman,GiuseppeMacGorman@cvsu.edu.ph
202301379,Avis Hirsch,AvisHirsch@cvsu.edu.ph
202399110,Mirilla Willerton,MirillaWillerton@cvsu.edu.ph
202332098,Ami Grund,AmiGrund@cvsu.edu.ph
202318410,Hyman Gillcrist,HymanGillcrist@cvsu.edu.ph
202353804,Bendite Kyndred,BenditeKyndred@cvsu.edu.ph
202328968,Carole Sedwick,CaroleSedwick@cvsu.edu.ph
202369276,Natty Garvagh,NattyGarvagh@cvsu.edu.ph
202319760,Hermie Cowton,HermieCowton@cvsu.edu.ph
202332178,Colas Mattheis,ColasMattheis@cvsu.edu.ph
202342493,Richart Devonald,RichartDevonald@cvsu.edu.ph
202317369,Annmaria Burkinshaw,AnnmariaBurkinshaw@cvsu.edu.ph
202396179,Harlan Forrestill,HarlanForrestill@cvsu.edu.ph
202328182,Nickolaus Ferrillio,NickolausFerrillio@cvsu.edu.ph
202354044,Antin Di Bernardo,AntinDiBernardo@cvsu.edu.ph
202386781,Matthaeus Sweynson,MatthaeusSweynson@cvsu.edu.ph
202392932,Darline Spittall,DarlineSpittall@cvsu.edu.ph
202391991,Cthrine Di Pietro,CthrineDiPietro@cvsu.edu.ph
202386057,Giuseppe Ricketts,GiuseppeRicketts@cvsu.edu.ph
202343803,Lilias Prescot,LiliasPrescot@cvsu.edu.ph
202355400,Fayth Bertelmot,FaythBertelmot@cvsu.edu.ph
202328563,Abner Caddick,AbnerCaddick@cvsu.edu.ph
202304134,Sterling Paternoster,SterlingPaternoster@cvsu.edu.ph
202346353,Tabb Gotobed,TabbGotobed@cvsu.edu.ph
202386763,Roanne Burvill,RoanneBurvill@cvsu.edu.ph
202355320,Englebert Smissen,EnglebertSmissen@cvsu.edu.ph
202376705,Cosmo Gianolo,CosmoGianolo@cvsu.edu.ph
202370359,Pat Parminter,PatParminter@cvsu.edu.ph
202313749,Madalena Winkell,MadalenaWinkell@cvsu.edu.ph
202324192,Bobine Semechik,BobineSemechik@cvsu.edu.ph
202316092,Gallard Noah,GallardNoah@cvsu.edu.ph
202322401,Herbie MacCoughan,HerbieMacCoughan@cvsu.edu.ph
202375889,Joela Barthelmes,JoelaBarthelmes@cvsu.edu.ph
202394570,Jeri Wagen,JeriWagen@cvsu.edu.ph
202351598,Elissa Emmines,ElissaEmmines@cvsu.edu.ph
202369603,Sheree Willox,ShereeWillox@cvsu.edu.ph
202364118,Kellina Strawbridge,KellinaStrawbridge@cvsu.edu.ph
202322237,Dion Yard,DionYard@cvsu.edu.ph
202304211,Montague Mellmer,MontagueMellmer@cvsu.edu.ph
202340910,Laird Duddle,LairdDuddle@cvsu.edu.ph
202391288,Nick Bengtson,NickBengtson@cvsu.edu.ph
202397806,Kerr Hoggin,KerrHoggin@cvsu.edu.ph
202393440,Blondelle Seydlitz,BlondelleSeydlitz@cvsu.edu.ph
202347121,Aurelea Gouth,AureleaGouth@cvsu.edu.ph
202349362,Clare Simony,ClareSimony@cvsu.edu.ph
202343349,Linnell Lyne,LinnellLyne@cvsu.edu.ph
202385523,Gib Barrows,GibBarrows@cvsu.edu.ph
202367767,Clarisse Boustred,ClarisseBoustred@cvsu.edu.ph
202372498,Abbe Madner,AbbeMadner@cvsu.edu.ph
202350579,Tommy Winslow,TommyWinslow@cvsu.edu.ph
202340218,Jeniece Rable,JenieceRable@cvsu.edu.ph
202318156,Krista Perview,KristaPerview@cvsu.edu.ph
202370228,Myrtle Jeratt,MyrtleJeratt@cvsu.edu.ph
202328574,Cristal Burniston,CristalBurniston@cvsu.edu.ph
202335804,Jana Rentilll,JanaRentilll@cvsu.edu.ph
202383628,Bernetta Whieldon,BernettaWhieldon@cvsu.edu.ph
202314567,Leisha Dysart,LeishaDysart@cvsu.edu.ph
202303059,Filippo Sapshed,FilippoSapshed@cvsu.edu.ph
202379363,Skelly McGunley,SkellyMcGunley@cvsu.edu.ph
202325351,Debbi Ishchenko,DebbiIshchenko@cvsu.edu.ph
202388166,Ragnar Cartmael,RagnarCartmael@cvsu.edu.ph
202385220,Jannelle Gilsthorpe,JannelleGilsthorpe@cvsu.edu.ph
202387765,Rosmunda Doctor,RosmundaDoctor@cvsu.edu.ph
202381218,Elijah Puttock,ElijahPuttock@cvsu.edu.ph
202313454,Tod Cobb,TodCobb@cvsu.edu.ph
202379914,Ogdon Raiker,OgdonRaiker@cvsu.edu.ph
202374151,Charline Jury,CharlineJury@cvsu.edu.ph
202371497,Estella McMahon,EstellaMcMahon@cvsu.edu.ph
202313419,Windy Poynor,WindyPoynor@cvsu.edu.ph
202300743,Chelsy Blackshaw,ChelsyBlackshaw@cvsu.edu.ph
202331828,Rocky Pearch,RockyPearch@cvsu.edu.ph
202338049,Emilee Hounsome,EmileeHounsome@cvsu.edu.ph
202354599,Kirk Rodgier,KirkRodgier@cvsu.edu.ph
202326113,Shawn Falls,ShawnFalls@cvsu.edu.ph
202373653,Coreen Ivancevic,CoreenIvancevic@cvsu.edu.ph
202333119,Kaspar Stickels,KasparStickels@cvsu.edu.ph
202394441,Aurelia Lavalle,AureliaLavalle@cvsu.edu.ph
202339497,Celia Loosmore,CeliaLoosmore@cvsu.edu.ph
202326071,Arleen McGilvra,ArleenMcGilvra@cvsu.edu.ph
202395249,Lucho Morfell,LuchoMorfell@cvsu.edu.ph
202394808,Thadeus Rops,ThadeusRops@cvsu.edu.ph
202399586,Donny Greig,DonnyGreig@cvsu.edu.ph
202357299,Margarette Wimpenny,MargaretteWimpenny@cvsu.edu.ph
202341789,Lina Lorryman,LinaLorryman@cvsu.edu.ph
202356071,Garnet Uppett,GarnetUppett@cvsu.edu.ph
202325037,Carlynne Gyles,CarlynneGyles@cvsu.edu.ph
202329880,Batsheva Farrant,BatshevaFarrant@cvsu.edu.ph
202385236,Craggie Scriven,CraggieScriven@cvsu.edu.ph
202340820,Conni Fairfull,ConniFairfull@cvsu.edu.ph
202301375,Brandy Waylen,BrandyWaylen@cvsu.edu.ph
202355727,Dinny Allridge,DinnyAllridge@cvsu.edu.ph
202319010,Edin Johananoff,EdinJohananoff@cvsu.edu.ph
202394130,Yetty Reany,YettyReany@cvsu.edu.ph
202327924,Patti Wickenden,PattiWickenden@cvsu.edu.ph
202370520,Renaud Mohammad,RenaudMohammad@cvsu.edu.ph
202382171,Alaster Joblin,AlasterJoblin@cvsu.edu.ph
202307386,Shem Gravenall,ShemGravenall@cvsu.edu.ph
202338925,Vannie Desquesnes,VannieDesquesnes@cvsu.edu.ph
202341492,Elisha Titheridge,ElishaTitheridge@cvsu.edu.ph
202342841,Mandel O'Kieran,MandelO'Kieran@cvsu.edu.ph
202321720,Rob Stronghill,RobStronghill@cvsu.edu.ph
202300633,Sydney Philcott,SydneyPhilcott@cvsu.edu.ph
202334794,Langsdon Conlaund,LangsdonConlaund@cvsu.edu.ph
202385625,Leandra Allwell,LeandraAllwell@cvsu.edu.ph
202367287,Lynnea Peverell,LynneaPeverell@cvsu.edu.ph
202380330,Malia McAuslan,MaliaMcAuslan@cvsu.edu.ph
202306146,Zilvia Dyhouse,ZilviaDyhouse@cvsu.edu.ph
202333599,Oona Lourens,OonaLourens@cvsu.edu.ph
202353008,Zach Scroxton,ZachScroxton@cvsu.edu.ph
202375344,Klarika Holberry,KlarikaHolberry@cvsu.edu.ph
202398914,Abel Ogglebie,AbelOgglebie@cvsu.edu.ph
202337566,Marcelia Dobell,MarceliaDobell@cvsu.edu.ph
202374075,Dall Du Fray,DallDuFray@cvsu.edu.ph
202390920,Randie Sellick,RandieSellick@cvsu.edu.ph
202300200,Twila Vedmore,TwilaVedmore@cvsu.edu.ph
202389120,Rita Loughren,RitaLoughren@cvsu.edu.ph
202363311,Janenna Downage,JanennaDownage@cvsu.edu.ph
202391653,Elfie Mulvey,ElfieMulvey@cvsu.edu.ph
202336275,Danita O'Keeffe,DanitaO'Keeffe@cvsu.edu.ph
202344205,Rodger Blazynski,RodgerBlazynski@cvsu.edu.ph
202335574,Skip Sachno,SkipSachno@cvsu.edu.ph
202387250,Blayne Coweuppe,BlayneCoweuppe@cvsu.edu.ph
202316847,Cathyleen Minchinton,CathyleenMinchinton@cvsu.edu.ph
202316918,Othelia Yglesia,OtheliaYglesia@cvsu.edu.ph
202328007,Melitta Attock,MelittaAttock@cvsu.edu.ph
202364771,Englebert Labden,EnglebertLabden@cvsu.edu.ph
202309798,Aida Elmar,AidaElmar@cvsu.edu.ph
202391141,Jimmy MacKenny,JimmyMacKenny@cvsu.edu.ph
202305214,Maddi Sarch,MaddiSarch@cvsu.edu.ph
202386698,Idelle Knights,IdelleKnights@cvsu.edu.ph
202312477,Legra Bernardt,LegraBernardt@cvsu.edu.ph
202330311,Nicolai Mollindinia,NicolaiMollindinia@cvsu.edu.ph
202321882,Hollis Beaton,HollisBeaton@cvsu.edu.ph
202386478,Udell Hixley,UdellHixley@cvsu.edu.ph
202349681,Noah Ballantine,NoahBallantine@cvsu.edu.ph
202398761,Herby Chalder,HerbyChalder@cvsu.edu.ph
202319178,Deni Galland,DeniGalland@cvsu.edu.ph
202317989,Michaelina Tremlett,MichaelinaTremlett@cvsu.edu.ph
202323417,Wolfie Hartle,WolfieHartle@cvsu.edu.ph
202329260,Vi Lamming,ViLamming@cvsu.edu.ph
202325087,Karalee Haxbie,KaraleeHaxbie@cvsu.edu.ph
202390418,Sullivan Sircomb,SullivanSircomb@cvsu.edu.ph
202399148,Claudie Harden,ClaudieHarden@cvsu.edu.ph
202312671,Max McConway,MaxMcConway@cvsu.edu.ph
202326891,Simone Heberden,SimoneHeberden@cvsu.edu.ph
202381027,Yorke Lorentzen,YorkeLorentzen@cvsu.edu.ph
202380000,Waring Hessing,WaringHessing@cvsu.edu.ph
202341784,Culley Lamps,CulleyLamps@cvsu.edu.ph
202392917,Nonie Windus,NonieWindus@cvsu.edu.ph
202389615,Shellysheldon Tacon,ShellysheldonTacon@cvsu.edu.ph
202372131,Romy Ainge,RomyAinge@cvsu.edu.ph
202321190,Nicolina Eveleigh,NicolinaEveleigh@cvsu.edu.ph
202377222,Prudy Paroni,PrudyParoni@cvsu.edu.ph
202385180,Minda Dilrew,MindaDilrew@cvsu.edu.ph
202356934,Karly Ruppelin,KarlyRuppelin@cvsu.edu.ph
202395429,Nobie Cutbirth,NobieCutbirth@cvsu.edu.ph
202300598,Dew Archdeckne,DewArchdeckne@cvsu.edu.ph
202355856,Antonella Fearnyough,AntonellaFearnyough@cvsu.edu.ph
202385228,Lief Trewin,LiefTrewin@cvsu.edu.ph
202360219,Hortensia Fewtrell,HortensiaFewtrell@cvsu.edu.ph
202365576,Derk Lecky,DerkLecky@cvsu.edu.ph
202336895,Fabio MacAdam,FabioMacAdam@cvsu.edu.ph
202385342,Genni Beak,GenniBeak@cvsu.edu.ph
202371897,Skipp Habishaw,SkippHabishaw@cvsu.edu.ph
202323531,Dominga Towriss,DomingaTowriss@cvsu.edu.ph
202396016,Dorise McNeill,DoriseMcNeill@cvsu.edu.ph
202339118,Rosa Holborn,RosaHolborn@cvsu.edu.ph
202354848,Karlee Eastes,KarleeEastes@cvsu.edu.ph
202342267,Holli Telfer,HolliTelfer@cvsu.edu.ph
202363144,Nessie Purry,NessiePurry@cvsu.edu.ph
202316378,Witty Bullocke,WittyBullocke@cvsu.edu.ph
202332551,Justinn Rebert,JustinnRebert@cvsu.edu.ph
202389152,Carlen Shillabear,CarlenShillabear@cvsu.edu.ph
202396400,Rubia Beric,RubiaBeric@cvsu.edu.ph
202336094,Grant Sizey,GrantSizey@cvsu.edu.ph
202391591,Boyce Larby,BoyceLarby@cvsu.edu.ph
202381906,Jasmin Rice,JasminRice@cvsu.edu.ph
202309064,Trumaine Kleinhaut,TrumaineKleinhaut@cvsu.edu.ph
202347778,Harriot Silversmidt,HarriotSilversmidt@cvsu.edu.ph
202354487,Gwynne Palfreeman,GwynnePalfreeman@cvsu.edu.ph
202309738,Gerrie Crunkhorn,GerrieCrunkhorn@cvsu.edu.ph
202323150,Victoir Gilson,VictoirGilson@cvsu.edu.ph
202367968,Edgard Ambler,EdgardAmbler@cvsu.edu.ph
202356292,Ursulina Iaduccelli,UrsulinaIaduccelli@cvsu.edu.ph
202337011,Adrienne Spivey,AdrienneSpivey@cvsu.edu.ph
202316661,Astrid Fawthrop,AstridFawthrop@cvsu.edu.ph
202359228,Nelson Camilio,NelsonCamilio@cvsu.edu.ph
202303409,Henryetta Cornewall,HenryettaCornewall@cvsu.edu.ph
202395366,Romeo Kirke,RomeoKirke@cvsu.edu.ph
202339746,Jacquette Stembridge,JacquetteStembridge@cvsu.edu.ph
202377193,Aubine Greedyer,AubineGreedyer@cvsu.edu.ph
202302319,Addi Nitti,AddiNitti@cvsu.edu.ph
202316628,Josie Preble,JosiePreble@cvsu.edu.ph
202355483,Teodoro Bessant,TeodoroBessant@cvsu.edu.ph
202382588,Lucio Baser,LucioBaser@cvsu.edu.ph
202348366,Leesa Cleghorn,LeesaCleghorn@cvsu.edu.ph
202359617,Giavani Benterman,GiavaniBenterman@cvsu.edu.ph
202335958,Jamima Maides,JamimaMaides@cvsu.edu.ph
202369975,Jonathan Croker,JonathanCroker@cvsu.edu.ph
202398669,Ursa Emmanuele,UrsaEmmanuele@cvsu.edu.ph
202364115,Doralynn Johanning,DoralynnJohanning@cvsu.edu.ph
202391057,Augustina Ranby,AugustinaRanby@cvsu.edu.ph
202326691,Teodoro Bather,TeodoroBather@cvsu.edu.ph
202323878,Greg Ruckhard,GregRuckhard@cvsu.edu.ph
202321882,Norris Lismer,NorrisLismer@cvsu.edu.ph
202346652,Elbertina Cocher,ElbertinaCocher@cvsu.edu.ph
202380031,Elle Milmo,ElleMilmo@cvsu.edu.ph
202324765,Gus Corbally,GusCorbally@cvsu.edu.ph
202308016,Sancho Dyhouse,SanchoDyhouse@cvsu.edu.ph
202394543,Dulsea Jancik,DulseaJancik@cvsu.edu.ph
202388682,Claiborne Botting,ClaiborneBotting@cvsu.edu.ph
202310992,Theadora Clacson,TheadoraClacson@cvsu.edu.ph
202388770,Norry MacGuigan,NorryMacGuigan@cvsu.edu.ph
202390889,Alden New,AldenNew@cvsu.edu.ph
202308894,Melloney Jobe,MelloneyJobe@cvsu.edu.ph
202398073,Allis Maling,AllisMaling@cvsu.edu.ph
202379363,Caprice Baldocci,CapriceBaldocci@cvsu.edu.ph
202366463,Kandace Lockley,KandaceLockley@cvsu.edu.ph
202346436,Blinnie McEvon,BlinnieMcEvon@cvsu.edu.ph
202312717,Mannie Druhan,MannieDruhan@cvsu.edu.ph
202357240,Quinton Wickes,QuintonWickes@cvsu.edu.ph
202313993,Alysa Lissaman,AlysaLissaman@cvsu.edu.ph
202325608,Batholomew Pummery,BatholomewPummery@cvsu.edu.ph
202376600,Cullen Worham,CullenWorham@cvsu.edu.ph
202394970,Franklyn Grunbaum,FranklynGrunbaum@cvsu.edu.ph
202345020,Eydie Hartnup,EydieHartnup@cvsu.edu.ph
202347059,Roby Wolstencroft,RobyWolstencroft@cvsu.edu.ph
202394085,Gael Boyland,GaelBoyland@cvsu.edu.ph
202370392,Georgette Staddon,GeorgetteStaddon@cvsu.edu.ph
202360540,Adore Gore,AdoreGore@cvsu.edu.ph
202374846,Jocelyne Whyard,JocelyneWhyard@cvsu.edu.ph
202357977,Greg Gosnall,GregGosnall@cvsu.edu.ph
202388101,Jon Matteau,JonMatteau@cvsu.edu.ph
202388615,Felizio Luten,FelizioLuten@cvsu.edu.ph
202343336,Adella Prozescky,AdellaProzescky@cvsu.edu.ph
202340829,Bessy Vannacci,BessyVannacci@cvsu.edu.ph
202307924,Axe Haacker,AxeHaacker@cvsu.edu.ph
202371993,Gianina Shelly,GianinaShelly@cvsu.edu.ph
202340688,Caralie Pellamonuten,CaraliePellamonuten@cvsu.edu.ph
202317665,Colline Prior,CollinePrior@cvsu.edu.ph
202325369,Mercie Firmage,MercieFirmage@cvsu.edu.ph
202317765,Reggi Perview,ReggiPerview@cvsu.edu.ph
202334690,Lanae Lethabridge,LanaeLethabridge@cvsu.edu.ph
202372002,Shannan Coulthart,ShannanCoulthart@cvsu.edu.ph
202393276,Marina Lamswood,MarinaLamswood@cvsu.edu.ph
202365168,Marylin Hazell,MarylinHazell@cvsu.edu.ph
202375058,Jasun Leifer,JasunLeifer@cvsu.edu.ph
202361972,Jamal Tomadoni,JamalTomadoni@cvsu.edu.ph
202332975,Clem Stracey,ClemStracey@cvsu.edu.ph
202351920,Lorne Matoshin,LorneMatoshin@cvsu.edu.ph
202367243,Durante Gresham,DuranteGresham@cvsu.edu.ph
202322874,Art Flag,ArtFlag@cvsu.edu.ph
202318627,Nevsa Veillard,NevsaVeillard@cvsu.edu.ph
202385530,Chilton Newrick,ChiltonNewrick@cvsu.edu.ph
202360717,Jared Minchi,JaredMinchi@cvsu.edu.ph
202380515,Marcia Cuttelar,MarciaCuttelar@cvsu.edu.ph
202360538,Nessi Clemendet,NessiClemendet@cvsu.edu.ph
202325090,Liza Kitcher,LizaKitcher@cvsu.edu.ph
202386620,Reid Halpeine,ReidHalpeine@cvsu.edu.ph
202358862,Lyell Balassa,LyellBalassa@cvsu.edu.ph
202337774,Josie O'Carran,JosieO'Carran@cvsu.edu.ph
202370803,Spenser Lamminam,SpenserLamminam@cvsu.edu.ph
202387476,Wenona Daubeny,WenonaDaubeny@cvsu.edu.ph
202355486,Tobi Winthrop,TobiWinthrop@cvsu.edu.ph
202389539,Rosalinda Hawarden,RosalindaHawarden@cvsu.edu.ph
202386658,Anthony Holhouse,AnthonyHolhouse@cvsu.edu.ph
202321226,Sherye Silley,SheryeSilley@cvsu.edu.ph
202391544,Eddy Cozby,EddyCozby@cvsu.edu.ph
202378617,Zorah Backs,ZorahBacks@cvsu.edu.ph
202369140,Crosby McCrone,CrosbyMcCrone@cvsu.edu.ph
202314585,Wyndham Ownsworth,WyndhamOwnsworth@cvsu.edu.ph
202347310,Selena Avramovsky,SelenaAvramovsky@cvsu.edu.ph
202315868,Helene Summerell,HeleneSummerell@cvsu.edu.ph
202347960,Vita Eby,VitaEby@cvsu.edu.ph
202391302,Haley Eccleston,HaleyEccleston@cvsu.edu.ph
202308633,Issi Micco,IssiMicco@cvsu.edu.ph
202328509,Farlay Pincott,FarlayPincott@cvsu.edu.ph
202344130,Elden Deehan,EldenDeehan@cvsu.edu.ph
202327726,Catharine MacUchadair,CatharineMacUchadair@cvsu.edu.ph
202397522,Erika Frazier,ErikaFrazier@cvsu.edu.ph
202353195,Phedra Lau,PhedraLau@cvsu.edu.ph
202313210,Sutherland Dutt,SutherlandDutt@cvsu.edu.ph
202302291,Ivor Marin,IvorMarin@cvsu.edu.ph
202367114,Mala Dennert,MalaDennert@cvsu.edu.ph
202340970,Niko Warburton,NikoWarburton@cvsu.edu.ph
202311059,Lincoln Maddyson,LincolnMaddyson@cvsu.edu.ph
202313289,Demetra Robke,DemetraRobke@cvsu.edu.ph
202372581,Jared MacAlinden,JaredMacAlinden@cvsu.edu.ph
202332356,Ariela Garrould,ArielaGarrould@cvsu.edu.ph
202348324,Saunder Fedder,SaunderFedder@cvsu.edu.ph
202371566,Allissa Ellum,AllissaEllum@cvsu.edu.ph
202349719,Liane Warre,LianeWarre@cvsu.edu.ph
202376758,Violet Ivashin,VioletIvashin@cvsu.edu.ph
202313013,Orlan Rulton,OrlanRulton@cvsu.edu.ph
202323503,Cornell Easdon,CornellEasdon@cvsu.edu.ph
202319050,Jaquenette Emby,JaquenetteEmby@cvsu.edu.ph
202359061,Isabelita Craigg,IsabelitaCraigg@cvsu.edu.ph
202378826,Simon Pitsall,SimonPitsall@cvsu.edu.ph
202394870,Sheelah Pittock,SheelahPittock@cvsu.edu.ph
202314275,Ingelbert Bourget,IngelbertBourget@cvsu.edu.ph
202342431,Irene Hencke,IreneHencke@cvsu.edu.ph
202332898,Zane Osgodby,ZaneOsgodby@cvsu.edu.ph
202354996,Stanleigh Gamwell,StanleighGamwell@cvsu.edu.ph
202315695,Franky Avon,FrankyAvon@cvsu.edu.ph
202310284,Korrie Foxcroft,KorrieFoxcroft@cvsu.edu.ph
202397960,Bonnibelle Raywood,BonnibelleRaywood@cvsu.edu.ph
202374028,Mario Jowling,MarioJowling@cvsu.edu.ph
202382846,Dmitri Mayling,DmitriMayling@cvsu.edu.ph
202324614,Justino Kunisch,JustinoKunisch@cvsu.edu.ph
202378829,Hildegarde Wrist,HildegardeWrist@cvsu.edu.ph
202369476,Yetta Kloss,YettaKloss@cvsu.edu.ph
202346473,Gerianna Titchard,GeriannaTitchard@cvsu.edu.ph
202348765,Berni Rhymer,BerniRhymer@cvsu.edu.ph
202334590,Lindie Blower,LindieBlower@cvsu.edu.ph
202378166,Russ Linford,RussLinford@cvsu.edu.ph
202313047,Michail Hardington,MichailHardington@cvsu.edu.ph
202314974,Weber Baguley,WeberBaguley@cvsu.edu.ph
202330085,Hanan Beretta,HananBeretta@cvsu.edu.ph
202374482,Sarene Piris,SarenePiris@cvsu.edu.ph
202355974,Rhoda Fadden,RhodaFadden@cvsu.edu.ph
202359288,Karla Hoppner,KarlaHoppner@cvsu.edu.ph
202395534,Nehemiah Rottcher,NehemiahRottcher@cvsu.edu.ph
202377724,Noah Spuner,NoahSpuner@cvsu.edu.ph
202395415,Loydie Gaiger,LoydieGaiger@cvsu.edu.ph
202387507,Devlin Itzkovwich,DevlinItzkovwich@cvsu.edu.ph
202336049,Lidia Standbrook,LidiaStandbrook@cvsu.edu.ph
202390497,Kaitlin Wandless,KaitlinWandless@cvsu.edu.ph
202382303,Corena Ferrieri,CorenaFerrieri@cvsu.edu.ph
202340939,Erinn Bontine,ErinnBontine@cvsu.edu.ph
202372994,Merry Tomaello,MerryTomaello@cvsu.edu.ph
202324821,Reta Davidde,RetaDavidde@cvsu.edu.ph
202390128,Dacia Kilminster,DaciaKilminster@cvsu.edu.ph
202356121,Dehlia Gibbonson,DehliaGibbonson@cvsu.edu.ph
202392026,Brion Trays,BrionTrays@cvsu.edu.ph
202349000,Julius Mickelwright,JuliusMickelwright@cvsu.edu.ph
202348321,Ursuline Aukland,UrsulineAukland@cvsu.edu.ph
202325690,Hayyim Cockhill,HayyimCockhill@cvsu.edu.ph
202344270,Jilly Elner,JillyElner@cvsu.edu.ph
202313711,Vonni Pietersma,VonniPietersma@cvsu.edu.ph
202323261,Ludovika Standeven,LudovikaStandeven@cvsu.edu.ph
202366177,Carlos Musso,CarlosMusso@cvsu.edu.ph
202355571,Estrellita Danilowicz,EstrellitaDanilowicz@cvsu.edu.ph
202315139,Tabb Corneljes,TabbCorneljes@cvsu.edu.ph
202379418,Ethelred Cassidy,EthelredCassidy@cvsu.edu.ph
202391658,Lennard Ensor,LennardEnsor@cvsu.edu.ph
202335167,Wilona Benedit,WilonaBenedit@cvsu.edu.ph
202307468,Ellsworth Costello,EllsworthCostello@cvsu.edu.ph
202326202,Sherwynd Chippindale,SherwyndChippindale@cvsu.edu.ph
202301121,Arin Benda,ArinBenda@cvsu.edu.ph
202314008,Janeczka Donn,JaneczkaDonn@cvsu.edu.ph
202308005,Antoine Reek,AntoineReek@cvsu.edu.ph
202357580,Shepherd Woonton,ShepherdWoonton@cvsu.edu.ph
202320631,Ivan Smuth,IvanSmuth@cvsu.edu.ph
202388858,Godfree Hamblyn,GodfreeHamblyn@cvsu.edu.ph
202390278,Francisca Hutchinson,FranciscaHutchinson@cvsu.edu.ph
202313726,Estrella Dahlman,EstrellaDahlman@cvsu.edu.ph
202375584,Sabrina Quartly,SabrinaQuartly@cvsu.edu.ph
202378621,Murray Coyett,MurrayCoyett@cvsu.edu.ph
202332937,Bernette Cappel,BernetteCappel@cvsu.edu.ph
202397433,North Fawson,NorthFawson@cvsu.edu.ph
202343221,Nikolai Crilley,NikolaiCrilley@cvsu.edu.ph
202332719,Kipp Vasyukhichev,KippVasyukhichev@cvsu.edu.ph
202320983,Shannon Reskelly,ShannonReskelly@cvsu.edu.ph
202390802,Thatch Stutely,ThatchStutely@cvsu.edu.ph
202374463,Sallyann Harwood,SallyannHarwood@cvsu.edu.ph
202373116,Kimbra Koomar,KimbraKoomar@cvsu.edu.ph
202319539,Starr Kemmis,StarrKemmis@cvsu.edu.ph
202380781,Dena Talby,DenaTalby@cvsu.edu.ph
202317825,Darlene Auld,DarleneAuld@cvsu.edu.ph
202398607,Rosella Budcock,RosellaBudcock@cvsu.edu.ph
202339220,Hewet McGinnis,HewetMcGinnis@cvsu.edu.ph
202365051,Gery Dyson,GeryDyson@cvsu.edu.ph
202334904,Brenna Westmoreland,BrennaWestmoreland@cvsu.edu.ph
202383094,Suzanne Naismith,SuzanneNaismith@cvsu.edu.ph
202334491,Evy Romagnosi,EvyRomagnosi@cvsu.edu.ph
202382487,Jobye Clowley,JobyeClowley@cvsu.edu.ph
202359627,Odelinda Blackborn,OdelindaBlackborn@cvsu.edu.ph
202371693,Christophe Petyt,ChristophePetyt@cvsu.edu.ph
202375817,Arabelle Well,ArabelleWell@cvsu.edu.ph
202384975,Lin Frostdicke,LinFrostdicke@cvsu.edu.ph
202306987,Libby Reddings,LibbyReddings@cvsu.edu.ph
202339550,Minni Oxbury,MinniOxbury@cvsu.edu.ph
202306274,Kathi Limbourne,KathiLimbourne@cvsu.edu.ph
202344163,Sigismond Weeks,SigismondWeeks@cvsu.edu.ph
202358373,Avie Aimson,AvieAimson@cvsu.edu.ph
202378127,Isabel Chantrell,IsabelChantrell@cvsu.edu.ph
202337121,Markus Haliburn,MarkusHaliburn@cvsu.edu.ph
202304630,Jeanette Grimwood,JeanetteGrimwood@cvsu.edu.ph
202316314,Cathrin Hackly,CathrinHackly@cvsu.edu.ph
202398196,Eadmund Cressor,EadmundCressor@cvsu.edu.ph
202312330,Dolph Cordero,DolphCordero@cvsu.edu.ph
202398434,Ned Belamy,NedBelamy@cvsu.edu.ph
202318974,Janot Jumont,JanotJumont@cvsu.edu.ph
202356886,Kathi Wolver,KathiWolver@cvsu.edu.ph
202398925,Godart Brumham,GodartBrumham@cvsu.edu.ph
202373777,Fonsie Pilling,FonsiePilling@cvsu.edu.ph
202397274,Phyllis Spykins,PhyllisSpykins@cvsu.edu.ph
202300868,Orelle Giffaut,OrelleGiffaut@cvsu.edu.ph
202381490,Hashim Le Lievre,HashimLeLievre@cvsu.edu.ph
202383695,Deanna Cormode,DeannaCormode@cvsu.edu.ph
202345369,Lucina Moloney,LucinaMoloney@cvsu.edu.ph
202323545,Demetra Brecon,DemetraBrecon@cvsu.edu.ph
202318128,Erina Jeskins,ErinaJeskins@cvsu.edu.ph
202341753,Dolores MacDonnell,DoloresMacDonnell@cvsu.edu.ph
202391394,Ingaborg Usher,IngaborgUsher@cvsu.edu.ph
202381712,Marys Yockney,MarysYockney@cvsu.edu.ph
202393993,Katrinka Kilsby,KatrinkaKilsby@cvsu.edu.ph
202387896,Vincenz Targetter,VincenzTargetter@cvsu.edu.ph
202364815,Riane Waggatt,RianeWaggatt@cvsu.edu.ph
202393200,Hilly Drinkwater,HillyDrinkwater@cvsu.edu.ph
202396440,Rhiamon Barbera,RhiamonBarbera@cvsu.edu.ph
202367480,Sancho Walczynski,SanchoWalczynski@cvsu.edu.ph
202395107,Jerrilyn Ludlam,JerrilynLudlam@cvsu.edu.ph
202345591,Prent Chipping,PrentChipping@cvsu.edu.ph
202371377,Walton Shinton,WaltonShinton@cvsu.edu.ph
202396978,Vanny Scimone,VannyScimone@cvsu.edu.ph
202326452,Cherida Mound,CheridaMound@cvsu.edu.ph
202363643,Benito Sweetzer,BenitoSweetzer@cvsu.edu.ph
202392534,Phyllida Meakes,PhyllidaMeakes@cvsu.edu.ph
202364881,Patsy Traut,PatsyTraut@cvsu.edu.ph
202351696,Benny Feaveer,BennyFeaveer@cvsu.edu.ph
202361415,Hersh Huxster,HershHuxster@cvsu.edu.ph
202352794,Bernarr Yard,BernarrYard@cvsu.edu.ph
202385341,Spike Sutherby,SpikeSutherby@cvsu.edu.ph
202364763,Elnora Tireman,ElnoraTireman@cvsu.edu.ph
202330495,Kelsey Fawltey,KelseyFawltey@cvsu.edu.ph
202323991,Riordan Verdy,RiordanVerdy@cvsu.edu.ph
202396968,Kylen Wittier,KylenWittier@cvsu.edu.ph
202369441,Beltran Gillespie,BeltranGillespie@cvsu.edu.ph
202340417,Marty Boyn,MartyBoyn@cvsu.edu.ph
202391571,Maurizia Castaignet,MauriziaCastaignet@cvsu.edu.ph
202386927,Peri Grancher,PeriGrancher@cvsu.edu.ph
202350690,Clair Jaram,ClairJaram@cvsu.edu.ph
202360714,Fred Dufaire,FredDufaire@cvsu.edu.ph
202325056,Marve Bompass,MarveBompass@cvsu.edu.ph
202398433,Donaugh Gauson,DonaughGauson@cvsu.edu.ph
202378430,Wash Reide,WashReide@cvsu.edu.ph
202373158,Demetrius McMorran,DemetriusMcMorran@cvsu.edu.ph
202394395,Brett Cumine,BrettCumine@cvsu.edu.ph
202325715,Hester Roxbrough,HesterRoxbrough@cvsu.edu.ph
202335153,Blaine Halburton,BlaineHalburton@cvsu.edu.ph
202305818,Aubert Bartosch,AubertBartosch@cvsu.edu.ph
202377527,Libbie Pagden,LibbiePagden@cvsu.edu.ph
202322137,Neilla Stoney,NeillaStoney@cvsu.edu.ph
202334809,Hermie Librey,HermieLibrey@cvsu.edu.ph
202326909,Parnell Cleef,ParnellCleef@cvsu.edu.ph
202371796,Alexio Marsland,AlexioMarsland@cvsu.edu.ph
202348862,Dasha Seagrove,DashaSeagrove@cvsu.edu.ph
202387566,Wald Thomel,WaldThomel@cvsu.edu.ph
202325517,Alley Whelan,AlleyWhelan@cvsu.edu.ph
202388005,Orran Seyfart,OrranSeyfart@cvsu.edu.ph
202357628,Lockwood Johnke,LockwoodJohnke@cvsu.edu.ph
202397452,Andros Bolliver,AndrosBolliver@cvsu.edu.ph
202394601,Eliza Hearl,ElizaHearl@cvsu.edu.ph
202328217,Ernst Henaughan,ErnstHenaughan@cvsu.edu.ph
202347075,Ferd Southernwood,FerdSouthernwood@cvsu.edu.ph
202340798,Darice Bouette,DariceBouette@cvsu.edu.ph
202338518,Toby Dockerty,TobyDockerty@cvsu.edu.ph
202311256,Tomasina Duffan,TomasinaDuffan@cvsu.edu.ph
202363025,Currey Kleyn,CurreyKleyn@cvsu.edu.ph
202360124,Dulce Luker,DulceLuker@cvsu.edu.ph
202340803,Engracia Semorad,EngraciaSemorad@cvsu.edu.ph
202373453,Tandie Jeanet,TandieJeanet@cvsu.edu.ph
202353627,Hastie Illingworth,HastieIllingworth@cvsu.edu.ph
202340855,Josie Pellissier,JosiePellissier@cvsu.edu.ph
202345030,Kristine Poulglais,KristinePoulglais@cvsu.edu.ph
202331043,Etienne Charnick,EtienneCharnick@cvsu.edu.ph
202330333,Basilius Winsiowiecki,BasiliusWinsiowiecki@cvsu.edu.ph
202353885,Durward Presley,DurwardPresley@cvsu.edu.ph
202326054,Coretta Buick,CorettaBuick@cvsu.edu.ph
202385968,Henrik Kingett,HenrikKingett@cvsu.edu.ph
202350791,Abner Raylton,AbnerRaylton@cvsu.edu.ph
202345402,Antonin Chaperlin,AntoninChaperlin@cvsu.edu.ph
202387202,Toby Moyce,TobyMoyce@cvsu.edu.ph
202318332,Silva Gliddon,SilvaGliddon@cvsu.edu.ph
202339334,Hilde Keay,HildeKeay@cvsu.edu.ph
202336027,Bat Dowzell,BatDowzell@cvsu.edu.ph
202329926,Wallache Shelley,WallacheShelley@cvsu.edu.ph
202397452,Charles Craze,CharlesCraze@cvsu.edu.ph
202395330,Gerti Gerok,GertiGerok@cvsu.edu.ph
202388053,Tani Whiles,TaniWhiles@cvsu.edu.ph
202383489,Tessy Dipple,TessyDipple@cvsu.edu.ph
202323010,Dael Stiggers,DaelStiggers@cvsu.edu.ph
202315200,Graehme Sokill,GraehmeSokill@cvsu.edu.ph
202351944,Edouard Benzies,EdouardBenzies@cvsu.edu.ph
202339738,Anne Brittian,AnneBrittian@cvsu.edu.ph
202398529,Dacey Giottini,DaceyGiottini@cvsu.edu.ph
202303345,Berte Filippi,BerteFilippi@cvsu.edu.ph
202347044,Marnia Levin,MarniaLevin@cvsu.edu.ph
202385442,Eva Edelheit,EvaEdelheit@cvsu.edu.ph
202356495,Loutitia Fishley,LoutitiaFishley@cvsu.edu.ph
202350955,Richy Danilenko,RichyDanilenko@cvsu.edu.ph
202360930,Gregor Aleksahkin,GregorAleksahkin@cvsu.edu.ph
202310723,Nickolaus Golson,NickolausGolson@cvsu.edu.ph
202327779,Berta Montacute,BertaMontacute@cvsu.edu.ph
202373993,Carena Thurling,CarenaThurling@cvsu.edu.ph
202350305,Ag Skeat,AgSkeat@cvsu.edu.ph
202352408,Odelle Pesik,OdellePesik@cvsu.edu.ph
202313937,Shannah Bowlas,ShannahBowlas@cvsu.edu.ph
202308014,Terri Rawstorne,TerriRawstorne@cvsu.edu.ph
202377262,Thurstan Bown,ThurstanBown@cvsu.edu.ph
202357460,Nikaniki Pasterfield,NikanikiPasterfield@cvsu.edu.ph
202384476,Laurette Brugsma,LauretteBrugsma@cvsu.edu.ph
202384387,Cathryn Timny,CathrynTimny@cvsu.edu.ph
202393054,Jacquetta Lodemann,JacquettaLodemann@cvsu.edu.ph
202364694,Wit Arnhold,WitArnhold@cvsu.edu.ph
202342784,Ardelle Lethieulier,ArdelleLethieulier@cvsu.edu.ph
202319206,Margit MacDonell,MargitMacDonell@cvsu.edu.ph
202370491,Georgina oldey,Georginaoldey@cvsu.edu.ph
202353353,Zechariah Brocks,ZechariahBrocks@cvsu.edu.ph
202356144,Florence Prisk,FlorencePrisk@cvsu.edu.ph
202352591,Llywellyn Mottershaw,LlywellynMottershaw@cvsu.edu.ph
202374941,Nicolette Raggatt,NicoletteRaggatt@cvsu.edu.ph
202326033,Sarge Parkhouse,SargeParkhouse@cvsu.edu.ph
202342182,Dane Dalinder,DaneDalinder@cvsu.edu.ph
202388270,Brenden Arton,BrendenArton@cvsu.edu.ph
202369449,Sergent Sandiford,SergentSandiford@cvsu.edu.ph
202319148,Steffi Gierardi,SteffiGierardi@cvsu.edu.ph
202353222,Sorcha Guidoni,SorchaGuidoni@cvsu.edu.ph
202386140,Gayle Dunne,GayleDunne@cvsu.edu.ph
202342407,Moses Lantry,MosesLantry@cvsu.edu.ph
202379812,Reider Delepine,ReiderDelepine@cvsu.edu.ph
202390888,Maximilien Vasyagin,MaximilienVasyagin@cvsu.edu.ph
202391304,Kristal Georgi,KristalGeorgi@cvsu.edu.ph
202301317,Bessy Antonovic,BessyAntonovic@cvsu.edu.ph
202342459,Rosanna Dradey,RosannaDradey@cvsu.edu.ph
202331931,Karil Crock,KarilCrock@cvsu.edu.ph
202316850,Bengt Clappson,BengtClappson@cvsu.edu.ph
202388005,Thornie Hulles,ThornieHulles@cvsu.edu.ph
202381010,Vikki Keinrat,VikkiKeinrat@cvsu.edu.ph
202350541,Nichol Element,NicholElement@cvsu.edu.ph
202361446,Michel Pennone,MichelPennone@cvsu.edu.ph
202329350,Von Dinnies,VonDinnies@cvsu.edu.ph
202307870,Obediah Tregear,ObediahTregear@cvsu.edu.ph
202390181,Vladimir Woodyer,VladimirWoodyer@cvsu.edu.ph
202306155,Mathe Hunnawill,MatheHunnawill@cvsu.edu.ph
202334123,Robby Ricardin,RobbyRicardin@cvsu.edu.ph
202392321,Valery Chrystie,ValeryChrystie@cvsu.edu.ph
202375318,Lorraine Fells,LorraineFells@cvsu.edu.ph
202354782,Rubi Shropshire,RubiShropshire@cvsu.edu.ph
202360965,Consuela Spenton,ConsuelaSpenton@cvsu.edu.ph
202310982,Kent Marians,KentMarians@cvsu.edu.ph
202394408,Isaac July,IsaacJuly@cvsu.edu.ph
202300747,Shanda Battany,ShandaBattany@cvsu.edu.ph
202323138,Nollie Bustin,NollieBustin@cvsu.edu.ph
202305744,Web Jakovijevic,WebJakovijevic@cvsu.edu.ph
202388943,Cesaro Barenski,CesaroBarenski@cvsu.edu.ph
202348305,Kial Klas,KialKlas@cvsu.edu.ph
202330512,Selig Haw,SeligHaw@cvsu.edu.ph
202385722,Luigi Ivanyushin,LuigiIvanyushin@cvsu.edu.ph
202367082,Fairleigh Bonn,FairleighBonn@cvsu.edu.ph
202327768,Cassi Coatsworth,CassiCoatsworth@cvsu.edu.ph
202359520,Hart Dillway,HartDillway@cvsu.edu.ph
202346384,Chiquia Cockill,ChiquiaCockill@cvsu.edu.ph
202310815,Nicoli Lambillion,NicoliLambillion@cvsu.edu.ph
202324853,Aldo Ismay,AldoIsmay@cvsu.edu.ph
202373604,Charity D'Ugo,CharityD'Ugo@cvsu.edu.ph
202358966,Annadiana Stollard,AnnadianaStollard@cvsu.edu.ph
202339061,Billy Bimrose,BillyBimrose@cvsu.edu.ph
202374503,Augustine Neal,AugustineNeal@cvsu.edu.ph
202303366,Kizzie Thurlby,KizzieThurlby@cvsu.edu.ph
202323888,Ronald Karby,RonaldKarby@cvsu.edu.ph
202371874,Willey Carlisi,WilleyCarlisi@cvsu.edu.ph
202358007,Lorettalorna Jacobs,LorettalornaJacobs@cvsu.edu.ph
202385352,West Sleath,WestSleath@cvsu.edu.ph
202368405,Kania Mulheron,KaniaMulheron@cvsu.edu.ph
202398501,Livia Menichi,LiviaMenichi@cvsu.edu.ph
202375971,Annadiane Giorgione,AnnadianeGiorgione@cvsu.edu.ph
202307268,Samuele Rillett,SamueleRillett@cvsu.edu.ph
202345007,Coreen Ceci,CoreenCeci@cvsu.edu.ph
202317667,Kareem Clulee,KareemClulee@cvsu.edu.ph
202362867,Ashley Budget,AshleyBudget@cvsu.edu.ph
202338665,Hodge Bishop,HodgeBishop@cvsu.edu.ph
202395754,Juana Braxay,JuanaBraxay@cvsu.edu.ph
202301626,Roseann Cromley,RoseannCromley@cvsu.edu.ph
202375966,Beth McAvin,BethMcAvin@cvsu.edu.ph
202339639,Richard Johnigan,RichardJohnigan@cvsu.edu.ph
202320261,Brook Jerrolt,BrookJerrolt@cvsu.edu.ph
202337276,Tawsha Mulqueen,TawshaMulqueen@cvsu.edu.ph
202335763,Konrad Schulze,KonradSchulze@cvsu.edu.ph
202326599,Karon Morman,KaronMorman@cvsu.edu.ph
