studentNumber,studentName,StudentEmail
202374735,Gracia Agirre,GraciaAgirre@cvsu.edu.ph
202313333,Clayborn Wholesworth,ClaybornWholesworth@cvsu.edu.ph
202327803,Jozef Kesley,JozefKesley@cvsu.edu.ph
202322776,Ronna Dicke,RonnaDicke@cvsu.edu.ph
202374288,Easter Tremellier,EasterTremellier@cvsu.edu.ph
202307505,Brand Jennins,BrandJennins@cvsu.edu.ph
202399705,Gabe Parbrook,GabeParbrook@cvsu.edu.ph
202357843,Spike Dullard,SpikeDullard@cvsu.edu.ph
202301695,Stanton Kurtis,StantonKurtis@cvsu.edu.ph
202335741,Rasla Michael,RaslaMichael@cvsu.edu.ph
202346909,Patti Shadrach,PattiShadrach@cvsu.edu.ph
202380419,Herculie Jurkiewicz,HerculieJurkiewicz@cvsu.edu.ph
202348094,Opal Waszczyk,OpalWaszczyk@cvsu.edu.ph
202345085,Elwin Oppy,ElwinOppy@cvsu.edu.ph
202352009,Creigh Morriarty,CreighMorriarty@cvsu.edu.ph
202397712,Joice Rodders,JoiceRodders@cvsu.edu.ph
202381319,Alice Dingle,AliceDingle@cvsu.edu.ph
202382246,Marybeth Taig,MarybethTaig@cvsu.edu.ph
202376675,Ransell Planque,RansellPlanque@cvsu.edu.ph
202305701,Donal Blayney,DonalBlayney@cvsu.edu.ph
202374492,Park Roff,ParkRoff@cvsu.edu.ph
202318523,Elnore Cubbon,ElnoreCubbon@cvsu.edu.ph
202370783,Keven Bauckham,KevenBauckham@cvsu.edu.ph
202357748,Loretta Yele,LorettaYele@cvsu.edu.ph
202333163,Falito Tolcharde,FalitoTolcharde@cvsu.edu.ph
202330774,Eimile Goulder,EimileGoulder@cvsu.edu.ph
202338576,Ashbey Domb,AshbeyDomb@cvsu.edu.ph
202307265,Frederik Starr,FrederikStarr@cvsu.edu.ph
202305376,Harwilll Weymont,HarwilllWeymont@cvsu.edu.ph
202388441,Minda Libri,MindaLibri@cvsu.edu.ph
202364028,Ryon Bartkowiak,RyonBartkowiak@cvsu.edu.ph
202386832,Lionello Peartree,LionelloPeartree@cvsu.edu.ph
202365558,Leicester Sinfield,LeicesterSinfield@cvsu.edu.ph
202366866,Mitchell Bernier,MitchellBernier@cvsu.edu.ph
202361557,Darrel Denis,DarrelDenis@cvsu.edu.ph
202398159,Orsola Crisp,OrsolaCrisp@cvsu.edu.ph
202303935,Caressa Readings,CaressaReadings@cvsu.edu.ph
202351084,Teodorico Seedull,TeodoricoSeedull@cvsu.edu.ph
202316345,Kelci Chowne,KelciChowne@cvsu.edu.ph
202336486,Jillene Rorke,JilleneRorke@cvsu.edu.ph
202336872,Marsiella Guerin,MarsiellaGuerin@cvsu.edu.ph
202347044,Creighton Suffield,CreightonSuffield@cvsu.edu.ph
202314766,Emmet Denes,EmmetDenes@cvsu.edu.ph
202337628,Melodie Stellino,MelodieStellino@cvsu.edu.ph
202374853,Jojo Klainman,JojoKlainman@cvsu.edu.ph
202396412,Mohandis Lemoir,MohandisLemoir@cvsu.edu.ph
202389551,Godard Joskowitz,GodardJoskowitz@cvsu.edu.ph
202390584,Phaidra Haselup,PhaidraHaselup@cvsu.edu.ph
202399255,Buckie Shippam,BuckieShippam@cvsu.edu.ph
202308109,Wallace Willman,WallaceWillman@cvsu.edu.ph
202385075,Edmund Belchamber,EdmundBelchamber@cvsu.edu.ph
202310172,Dunc Wilshaw,DuncWilshaw@cvsu.edu.ph
202327205,Celka Booy,CelkaBooy@cvsu.edu.ph
202379695,Ivan Mabbs,IvanMabbs@cvsu.edu.ph
202377783,Traver Winchester,TraverWinchester@cvsu.edu.ph
202385884,Mary Moar,MaryMoar@cvsu.edu.ph
202373744,Ingrid Dodimead,IngridDodimead@cvsu.edu.ph
202347843,Marjorie Yurov,MarjorieYurov@cvsu.edu.ph
202398977,Vonni Capnor,VonniCapnor@cvsu.edu.ph
202353294,Valry Saltmarshe,ValrySaltmarshe@cvsu.edu.ph
202355534,Crystal Troup,CrystalTroup@cvsu.edu.ph
202363958,Tonnie Chadburn,TonnieChadburn@cvsu.edu.ph
202327296,Cirilo Flewett,CiriloFlewett@cvsu.edu.ph
202311756,Leola Pieche,LeolaPieche@cvsu.edu.ph
202307951,Gardner Venditto,GardnerVenditto@cvsu.edu.ph
202342841,Rosemaria Maddison,RosemariaMaddison@cvsu.edu.ph
202302428,Meredith Tarn,MeredithTarn@cvsu.edu.ph
202382278,Godiva Bonhomme,GodivaBonhomme@cvsu.edu.ph
202313512,Dell Witheridge,DellWitheridge@cvsu.edu.ph
202387316,Gian Brydie,GianBrydie@cvsu.edu.ph
202308341,Bonni Gingold,BonniGingold@cvsu.edu.ph
202353159,Elaina Gurney,ElainaGurney@cvsu.edu.ph
202378535,Lelah Amps,LelahAmps@cvsu.edu.ph
202371593,Alden Moors,AldenMoors@cvsu.edu.ph
202339503,Ida Muselli,IdaMuselli@cvsu.edu.ph
202341619,Vittoria Catmull,VittoriaCatmull@cvsu.edu.ph
202351371,Ignaz Goodridge,IgnazGoodridge@cvsu.edu.ph
202370145,Bree De Courtney,BreeDeCourtney@cvsu.edu.ph
202399798,Dugald Luetchford,DugaldLuetchford@cvsu.edu.ph
202330228,Carine Itzkowicz,CarineItzkowicz@cvsu.edu.ph
202353318,Marcella Camacho,MarcellaCamacho@cvsu.edu.ph
202333408,Riki Le Blanc,RikiLeBlanc@cvsu.edu.ph
202339378,Regen Langfat,RegenLangfat@cvsu.edu.ph
202305658,Laetitia Haine,LaetitiaHaine@cvsu.edu.ph
202382664,Thedric Diament,ThedricDiament@cvsu.edu.ph
202348465,Maximo Bolf,MaximoBolf@cvsu.edu.ph
202380900,Colline Maillard,CollineMaillard@cvsu.edu.ph
202399545,Aldo Dilleway,AldoDilleway@cvsu.edu.ph
202325545,Elana Lincoln,ElanaLincoln@cvsu.edu.ph
202372937,Lorilee Gyrgorcewicx,LorileeGyrgorcewicx@cvsu.edu.ph
202396289,Arley Outibridge,ArleyOutibridge@cvsu.edu.ph
202384268,Alaster O'Canavan,AlasterO'Canavan@cvsu.edu.ph
202312122,Shelby Ellph,ShelbyEllph@cvsu.edu.ph
202394199,Lorianna Boog,LoriannaBoog@cvsu.edu.ph
202366538,Davin Romney,DavinRomney@cvsu.edu.ph
202390458,Annadiane Courtois,AnnadianeCourtois@cvsu.edu.ph
202333095,Vanya Guppey,VanyaGuppey@cvsu.edu.ph
202392981,Gib Paszek,GibPaszek@cvsu.edu.ph
202303502,Viviana Ferryn,VivianaFerryn@cvsu.edu.ph
202368697,Conant Farnan,ConantFarnan@cvsu.edu.ph
202372311,Ferrell Mainstone,FerrellMainstone@cvsu.edu.ph
202355919,Dannel Enticott,DannelEnticott@cvsu.edu.ph
202318136,Demetris Masterton,DemetrisMasterton@cvsu.edu.ph
202378319,Maryanna Tather,MaryannaTather@cvsu.edu.ph
202357466,Daveta Fishburn,DavetaFishburn@cvsu.edu.ph
202320976,Anna-maria Abrahmer,Anna-mariaAbrahmer@cvsu.edu.ph
202357008,Melodee Kondratovich,MelodeeKondratovich@cvsu.edu.ph
202358862,Ellary Wrennall,EllaryWrennall@cvsu.edu.ph
202314026,Darrelle Moffatt,DarrelleMoffatt@cvsu.edu.ph
202342506,Demetris Bensen,DemetrisBensen@cvsu.edu.ph
202339801,Ive Tolliday,IveTolliday@cvsu.edu.ph
202380783,Courtney Bewfield,CourtneyBewfield@cvsu.edu.ph
202345216,Dirk Lansdowne,DirkLansdowne@cvsu.edu.ph
202384482,Stu Kettlestring,StuKettlestring@cvsu.edu.ph
202319609,Shawn Crumby,ShawnCrumby@cvsu.edu.ph
202380079,Carole Hawgood,CaroleHawgood@cvsu.edu.ph
202371504,Laetitia Mariotte,LaetitiaMariotte@cvsu.edu.ph
202373222,Glynis Weben,GlynisWeben@cvsu.edu.ph
202373914,Halimeda Pinchback,HalimedaPinchback@cvsu.edu.ph
202344091,Spike Chidwick,SpikeChidwick@cvsu.edu.ph
202364356,Leah Letten,LeahLetten@cvsu.edu.ph
202340850,Aarika Claricoats,AarikaClaricoats@cvsu.edu.ph
202321929,Torrie Minet,TorrieMinet@cvsu.edu.ph
202370436,Vassily Leavy,VassilyLeavy@cvsu.edu.ph
202312730,Tremain Neilands,TremainNeilands@cvsu.edu.ph
202370619,Ellynn Yakolev,EllynnYakolev@cvsu.edu.ph
202364075,Jannel Roseburgh,JannelRoseburgh@cvsu.edu.ph
202389160,Fabien McCall,FabienMcCall@cvsu.edu.ph
202366603,Gardie Kruse,GardieKruse@cvsu.edu.ph
202386021,Gerti Vigors,GertiVigors@cvsu.edu.ph
202368993,Kara Smitton,KaraSmitton@cvsu.edu.ph
202325878,Janis Boschmann,JanisBoschmann@cvsu.edu.ph
202320011,Doralin Suddock,DoralinSuddock@cvsu.edu.ph
202308646,Neely Erbain,NeelyErbain@cvsu.edu.ph
202338826,Estrellita Harriagn,EstrellitaHarriagn@cvsu.edu.ph
202322587,Peterus Pavis,PeterusPavis@cvsu.edu.ph
202389114,Natka Rodden,NatkaRodden@cvsu.edu.ph
202384420,Nicolina Audrey,NicolinaAudrey@cvsu.edu.ph
202328286,Augusto Woodhall,AugustoWoodhall@cvsu.edu.ph
202308475,Zechariah Hundy,ZechariahHundy@cvsu.edu.ph
202334125,Mirilla Boulde,MirillaBoulde@cvsu.edu.ph
202387789,Trudey Cyphus,TrudeyCyphus@cvsu.edu.ph
202372699,Felipe Hagart,FelipeHagart@cvsu.edu.ph
202384827,Donelle Jados,DonelleJados@cvsu.edu.ph
202338434,Anastasie Lawes,AnastasieLawes@cvsu.edu.ph
202366585,Donnie Keoghan,DonnieKeoghan@cvsu.edu.ph
202385009,Paige Alchin,PaigeAlchin@cvsu.edu.ph
202321935,Rayner O' Ronan,RaynerO'Ronan@cvsu.edu.ph
202352515,Camille Amoss,CamilleAmoss@cvsu.edu.ph
202356717,Flory Hawker,FloryHawker@cvsu.edu.ph
202387740,Letta Sherbrooke,LettaSherbrooke@cvsu.edu.ph
202300439,Drona Maylard,DronaMaylard@cvsu.edu.ph
202368254,Donni Craddy,DonniCraddy@cvsu.edu.ph
202357362,Tab Farre,TabFarre@cvsu.edu.ph
202331854,Conny Poile,ConnyPoile@cvsu.edu.ph
202366638,Ludvig Bloor,LudvigBloor@cvsu.edu.ph
202342366,Michelle Crecy,MichelleCrecy@cvsu.edu.ph
202320433,Broderic Heine,BrodericHeine@cvsu.edu.ph
202332022,Mitchell Pree,MitchellPree@cvsu.edu.ph
202353192,Dannye Lightbown,DannyeLightbown@cvsu.edu.ph
202365246,Leshia Pincked,LeshiaPincked@cvsu.edu.ph
202319205,Hynda Stickford,HyndaStickford@cvsu.edu.ph
202356731,Bern Jurca,BernJurca@cvsu.edu.ph
202396328,Sibyl Markham,SibylMarkham@cvsu.edu.ph
202350666,Daryl Strathman,DarylStrathman@cvsu.edu.ph
202335358,Lorrie Lehrian,LorrieLehrian@cvsu.edu.ph
202328841,Gerry Cammell,GerryCammell@cvsu.edu.ph
202385831,Tiffanie Edge,TiffanieEdge@cvsu.edu.ph
202358380,Irwin Catmull,IrwinCatmull@cvsu.edu.ph
202375390,Burnard Guerrazzi,BurnardGuerrazzi@cvsu.edu.ph
202347096,Josefa Lamers,JosefaLamers@cvsu.edu.ph
202389098,Penelope Salandino,PenelopeSalandino@cvsu.edu.ph
202381261,Lonny Gaythwaite,LonnyGaythwaite@cvsu.edu.ph
202352434,Carlie Ortner,CarlieOrtner@cvsu.edu.ph
202337806,Hieronymus Probate,HieronymusProbate@cvsu.edu.ph
202393693,Farley Chattoe,FarleyChattoe@cvsu.edu.ph
202317959,Eveline Dimsdale,EvelineDimsdale@cvsu.edu.ph
202343525,Zsazsa Poulsen,ZsazsaPoulsen@cvsu.edu.ph
202365304,Bonita De Brett,BonitaDeBrett@cvsu.edu.ph
202340766,Theadora Sandbrook,TheadoraSandbrook@cvsu.edu.ph
202339859,Stearne Beckmann,StearneBeckmann@cvsu.edu.ph
202355484,Maridel Virgin,MaridelVirgin@cvsu.edu.ph
202337632,Otho Henker,OthoHenker@cvsu.edu.ph
202348911,Ann-marie Bault,Ann-marieBault@cvsu.edu.ph
202394343,Steffi Eastes,SteffiEastes@cvsu.edu.ph
202329673,Bancroft Elphee,BancroftElphee@cvsu.edu.ph
202330743,Ed Morsom,EdMorsom@cvsu.edu.ph
202321166,Willy Cliffe,WillyCliffe@cvsu.edu.ph
202387232,Cazzie Upshall,CazzieUpshall@cvsu.edu.ph
202395392,Corey Kerrod,CoreyKerrod@cvsu.edu.ph
202348108,Carly Rhymes,CarlyRhymes@cvsu.edu.ph
202374898,Mattie Tremethack,MattieTremethack@cvsu.edu.ph
202326865,Marcelle Writer,MarcelleWriter@cvsu.edu.ph
202375027,Liesa Lyne,LiesaLyne@cvsu.edu.ph
202341608,Francois Cumbridge,FrancoisCumbridge@cvsu.edu.ph
202360897,Reeva Budge,ReevaBudge@cvsu.edu.ph
202379443,Arch Mordon,ArchMordon@cvsu.edu.ph
202341334,Willis Hurley,WillisHurley@cvsu.edu.ph
202383618,Cristian Gleeson,CristianGleeson@cvsu.edu.ph
202308972,Tim Glede,TimGlede@cvsu.edu.ph
202397227,Tania Magarrell,TaniaMagarrell@cvsu.edu.ph
202388983,Monica Jindrich,MonicaJindrich@cvsu.edu.ph
202348636,Janey Sidnell,JaneySidnell@cvsu.edu.ph
202360175,Del Duchant,DelDuchant@cvsu.edu.ph
202314390,Madel Kirtley,MadelKirtley@cvsu.edu.ph
202396156,Carilyn Bisiker,CarilynBisiker@cvsu.edu.ph
202355799,Tova Edensor,TovaEdensor@cvsu.edu.ph
202398770,Minni Sandham,MinniSandham@cvsu.edu.ph
202334601,Joey Brandin,JoeyBrandin@cvsu.edu.ph
202391035,Ania Broinlich,AniaBroinlich@cvsu.edu.ph
202372169,Brenden Irnys,BrendenIrnys@cvsu.edu.ph
202301939,Merrilee Rubinovitsch,MerrileeRubinovitsch@cvsu.edu.ph
202345923,Lisle Provis,LisleProvis@cvsu.edu.ph
202340167,Terry Tasch,TerryTasch@cvsu.edu.ph
202309528,Esdras Skeeles,EsdrasSkeeles@cvsu.edu.ph
202386838,Opalina Shakle,OpalinaShakle@cvsu.edu.ph
202351658,Hettie Switsur,HettieSwitsur@cvsu.edu.ph
202398660,Tedman Martill,TedmanMartill@cvsu.edu.ph
202345780,Nehemiah Gobeaux,NehemiahGobeaux@cvsu.edu.ph
202385214,Dino Dobsons,DinoDobsons@cvsu.edu.ph
202397833,Quincy Avrasin,QuincyAvrasin@cvsu.edu.ph
202384342,Paddy Grewe,PaddyGrewe@cvsu.edu.ph
202372820,Jedediah Corn,JedediahCorn@cvsu.edu.ph
202398295,Carlos Bewsey,CarlosBewsey@cvsu.edu.ph
202323907,Doralia Fibbit,DoraliaFibbit@cvsu.edu.ph
202301284,Sauncho Baudouin,SaunchoBaudouin@cvsu.edu.ph
202348934,Ann Itzkowicz,AnnItzkowicz@cvsu.edu.ph
202318404,Celestyn Pilgrim,CelestynPilgrim@cvsu.edu.ph
202391791,Ashleigh Bengall,AshleighBengall@cvsu.edu.ph
202312201,Brigham Shovell,BrighamShovell@cvsu.edu.ph
202345648,Kala Curtiss,KalaCurtiss@cvsu.edu.ph
202393256,Ursula Radwell,UrsulaRadwell@cvsu.edu.ph
202381892,Dulcy Phette,DulcyPhette@cvsu.edu.ph
202364314,Murielle Priest,MuriellePriest@cvsu.edu.ph
202392246,Alon Tiddeman,AlonTiddeman@cvsu.edu.ph
202358129,Sayre Churchley,SayreChurchley@cvsu.edu.ph
202347174,Ludvig Jardin,LudvigJardin@cvsu.edu.ph
202337144,Libbey Cressey,LibbeyCressey@cvsu.edu.ph
202328006,Kelcie Fuentes,KelcieFuentes@cvsu.edu.ph
202319990,Fons Aymer,FonsAymer@cvsu.edu.ph
202306925,Adaline MacMenamin,AdalineMacMenamin@cvsu.edu.ph
202316170,Delia Voden,DeliaVoden@cvsu.edu.ph
202322205,Domeniga Karleman,DomenigaKarleman@cvsu.edu.ph
202306048,Darrelle Sanham,DarrelleSanham@cvsu.edu.ph
202311034,Dredi Cicchillo,DrediCicchillo@cvsu.edu.ph
202368249,Bordie Bosse,BordieBosse@cvsu.edu.ph
202352337,Jamie Gallety,JamieGallety@cvsu.edu.ph
202368033,Carie Christaeas,CarieChristaeas@cvsu.edu.ph
202337699,Carlie Jaszczak,CarlieJaszczak@cvsu.edu.ph
202358067,Lucian Fitzackerley,LucianFitzackerley@cvsu.edu.ph
202324381,Carry Berkley,CarryBerkley@cvsu.edu.ph
202310358,Dacey Smellie,DaceySmellie@cvsu.edu.ph
202392192,Christabella Khidr,ChristabellaKhidr@cvsu.edu.ph
202328073,Lavinia Sigmund,LaviniaSigmund@cvsu.edu.ph
202324085,Caryl Woolstenholmes,CarylWoolstenholmes@cvsu.edu.ph
202348206,Cris Persich,CrisPersich@cvsu.edu.ph
202374771,Bree Frankland,BreeFrankland@cvsu.edu.ph
202325439,Dru Danskine,DruDanskine@cvsu.edu.ph
202385524,Bertram Vass,BertramVass@cvsu.edu.ph
202301869,Sig Hainey`,SigHainey`@cvsu.edu.ph
202390473,Orion Grimbleby,OrionGrimbleby@cvsu.edu.ph
202343894,Elvera Mebs,ElveraMebs@cvsu.edu.ph
202353341,Evelin Jako,EvelinJako@cvsu.edu.ph
202342996,Gabriele Veck,GabrieleVeck@cvsu.edu.ph
202376816,Evita Goaks,EvitaGoaks@cvsu.edu.ph
202345911,Shelley Lademann,ShelleyLademann@cvsu.edu.ph
202393890,Way Blake,WayBlake@cvsu.edu.ph
202342671,Sherm Olyunin,ShermOlyunin@cvsu.edu.ph
202359933,Mag Labusquiere,MagLabusquiere@cvsu.edu.ph
202363174,Omar Foster,OmarFoster@cvsu.edu.ph
202387666,Gil Rebeiro,GilRebeiro@cvsu.edu.ph
202342683,Velvet Ross,VelvetRoss@cvsu.edu.ph
202301956,Armstrong Halliday,ArmstrongHalliday@cvsu.edu.ph
202360882,Ellery Leamy,ElleryLeamy@cvsu.edu.ph
202380530,Eliza Wenn,ElizaWenn@cvsu.edu.ph
202343011,Faun Kingsbury,FaunKingsbury@cvsu.edu.ph
202350016,Carole Degli Antoni,CaroleDegliAntoni@cvsu.edu.ph
202361032,Erasmus Shilvock,ErasmusShilvock@cvsu.edu.ph
202362647,Addison Jenkyn,AddisonJenkyn@cvsu.edu.ph
202343791,Em Alps,EmAlps@cvsu.edu.ph
202383133,Tiphani Camerati,TiphaniCamerati@cvsu.edu.ph
202319240,Enrika Gipson,EnrikaGipson@cvsu.edu.ph
202325261,Carolan McAuslan,CarolanMcAuslan@cvsu.edu.ph
202308323,Cornie Ragge,CornieRagge@cvsu.edu.ph
202339278,Johnnie Fransinelli,JohnnieFransinelli@cvsu.edu.ph
202366728,Christabella Faherty,ChristabellaFaherty@cvsu.edu.ph
202364780,Gianina Priestnall,GianinaPriestnall@cvsu.edu.ph
202371854,Ashla Goodswen,AshlaGoodswen@cvsu.edu.ph
202300212,Tabbatha Stove,TabbathaStove@cvsu.edu.ph
202338088,Bendick Brockie,BendickBrockie@cvsu.edu.ph
202379191,Averil Petrollo,AverilPetrollo@cvsu.edu.ph
202352932,Daisie Jeayes,DaisieJeayes@cvsu.edu.ph
202396874,Erminie Girardez,ErminieGirardez@cvsu.edu.ph
202354735,Ladonna Woodard,LadonnaWoodard@cvsu.edu.ph
202352425,Cyndie Hew,CyndieHew@cvsu.edu.ph
202377672,Micky Dillway,MickyDillway@cvsu.edu.ph
202315583,Babette Pincked,BabettePincked@cvsu.edu.ph
202325521,Boonie Taggett,BoonieTaggett@cvsu.edu.ph
202335995,Linoel Baskerfield,LinoelBaskerfield@cvsu.edu.ph
202378048,Benedikt Eslemont,BenediktEslemont@cvsu.edu.ph
202373748,Ferdy Faux,FerdyFaux@cvsu.edu.ph
202390282,Ethel Kuzma,EthelKuzma@cvsu.edu.ph
202316725,Odessa Aburrow,OdessaAburrow@cvsu.edu.ph
202340004,Sibylla Janicek,SibyllaJanicek@cvsu.edu.ph
202372011,Kristopher Guppy,KristopherGuppy@cvsu.edu.ph
202389971,Leia Cess,LeiaCess@cvsu.edu.ph
202392213,Gayel Holt,GayelHolt@cvsu.edu.ph
202340041,Doti Wevell,DotiWevell@cvsu.edu.ph
202352546,Glad Marushak,GladMarushak@cvsu.edu.ph
202314813,Thaxter Bosden,ThaxterBosden@cvsu.edu.ph
202355255,Rodney Sale,RodneySale@cvsu.edu.ph
202360099,Cherianne Sircomb,CherianneSircomb@cvsu.edu.ph
202389221,Suzanne Trueman,SuzanneTrueman@cvsu.edu.ph
202392526,Raviv Olivello,RavivOlivello@cvsu.edu.ph
202304686,Minnaminnie McWard,MinnaminnieMcWard@cvsu.edu.ph
202313508,Beniamino Pedlar,BeniaminoPedlar@cvsu.edu.ph
202367218,Darryl Levett,DarrylLevett@cvsu.edu.ph
202324767,Bonny McMonnies,BonnyMcMonnies@cvsu.edu.ph
202351631,Armin Brewins,ArminBrewins@cvsu.edu.ph
202391660,Chrysa Siebert,ChrysaSiebert@cvsu.edu.ph
202398830,Dagmar Darycott,DagmarDarycott@cvsu.edu.ph
202349136,Josselyn Rulton,JosselynRulton@cvsu.edu.ph
202308155,Terrill Dohmann,TerrillDohmann@cvsu.edu.ph
202346710,Gabe Tavener,GabeTavener@cvsu.edu.ph
202356847,Galina Bellew,GalinaBellew@cvsu.edu.ph
202347464,Odelia Speek,OdeliaSpeek@cvsu.edu.ph
202385191,Emmerich Beardsall,EmmerichBeardsall@cvsu.edu.ph
202309532,Mirabella Embleton,MirabellaEmbleton@cvsu.edu.ph
202378685,Aidan Snoddon,AidanSnoddon@cvsu.edu.ph
202341635,Henka Riseam,HenkaRiseam@cvsu.edu.ph
202398322,Farand Cortes,FarandCortes@cvsu.edu.ph
202329172,Ashlee Naptine,AshleeNaptine@cvsu.edu.ph
202302442,Mahmoud Devil,MahmoudDevil@cvsu.edu.ph
202386246,Linn Japp,LinnJapp@cvsu.edu.ph
202355901,Casey Keeble,CaseyKeeble@cvsu.edu.ph
202333568,Garey Tichner,GareyTichner@cvsu.edu.ph
202352142,Balduin Judson,BalduinJudson@cvsu.edu.ph
202365335,Casey Curnnok,CaseyCurnnok@cvsu.edu.ph
202319884,Novelia Josefson,NoveliaJosefson@cvsu.edu.ph
202382182,Therese Espadater,ThereseEspadater@cvsu.edu.ph
202376777,Shari Chritchley,ShariChritchley@cvsu.edu.ph
202386828,Kelsey Guyton,KelseyGuyton@cvsu.edu.ph
202353136,Kimberly Robathon,KimberlyRobathon@cvsu.edu.ph
202325822,Conney Grigoriev,ConneyGrigoriev@cvsu.edu.ph
202361890,Morissa Fyndon,MorissaFyndon@cvsu.edu.ph
202390735,Steven Moxsom,StevenMoxsom@cvsu.edu.ph
202369449,Nydia Blankau,NydiaBlankau@cvsu.edu.ph
202311662,Ardys Colmer,ArdysColmer@cvsu.edu.ph
202330896,Juliana Sarge,JulianaSarge@cvsu.edu.ph
202340713,Leif Matyas,LeifMatyas@cvsu.edu.ph
202339546,Brander Hamblett,BranderHamblett@cvsu.edu.ph
202381040,Adelbert Lethley,AdelbertLethley@cvsu.edu.ph
202398714,Noelani Rennebach,NoelaniRennebach@cvsu.edu.ph
202306363,Haley Giacobazzi,HaleyGiacobazzi@cvsu.edu.ph
202356735,Lancelot Burnett,LancelotBurnett@cvsu.edu.ph
202396928,Lucais Gibling,LucaisGibling@cvsu.edu.ph
202333793,Riordan Luipold,RiordanLuipold@cvsu.edu.ph
202389504,Port Tome,PortTome@cvsu.edu.ph
202327278,Mallissa Anselmi,MallissaAnselmi@cvsu.edu.ph
202369915,Opalina Harby,OpalinaHarby@cvsu.edu.ph
202318787,Any Cuchey,AnyCuchey@cvsu.edu.ph
202343013,Halsey Raffles,HalseyRaffles@cvsu.edu.ph
202399373,Obadiah Swabey,ObadiahSwabey@cvsu.edu.ph
202389699,Michelina Twycross,MichelinaTwycross@cvsu.edu.ph
202337549,Julie Shailer,JulieShailer@cvsu.edu.ph
202327105,Neale Askin,NealeAskin@cvsu.edu.ph
202373017,Janka Danovich,JankaDanovich@cvsu.edu.ph
202366240,Vera Rosensaft,VeraRosensaft@cvsu.edu.ph
202344482,Cammy Paget,CammyPaget@cvsu.edu.ph
202383317,Rycca Weall,RyccaWeall@cvsu.edu.ph
202398308,Zacharie Finlay,ZacharieFinlay@cvsu.edu.ph
202353523,Moishe Caslane,MoisheCaslane@cvsu.edu.ph
202333500,Edd Lukas,EddLukas@cvsu.edu.ph
202311915,Farris Baum,FarrisBaum@cvsu.edu.ph
202392518,Chilton Aronin,ChiltonAronin@cvsu.edu.ph
202327195,Clarissa Benazet,ClarissaBenazet@cvsu.edu.ph
202393945,Budd Ancketill,BuddAncketill@cvsu.edu.ph
202323281,Ham Boick,HamBoick@cvsu.edu.ph
202338811,Eadith Romke,EadithRomke@cvsu.edu.ph
202319822,Jessey Blinco,JesseyBlinco@cvsu.edu.ph
202355648,Alejandrina Lark,AlejandrinaLark@cvsu.edu.ph
202339589,Karlen Jouning,KarlenJouning@cvsu.edu.ph
202384504,Gena Jarred,GenaJarred@cvsu.edu.ph
202391464,Horatio Wolfers,HoratioWolfers@cvsu.edu.ph
202310063,Sosanna Scarsbrooke,SosannaScarsbrooke@cvsu.edu.ph
202397620,Costa McGonnell,CostaMcGonnell@cvsu.edu.ph
202337920,Jervis Siebart,JervisSiebart@cvsu.edu.ph
202387967,Siward Wattins,SiwardWattins@cvsu.edu.ph
202310132,Rozamond Donner,RozamondDonner@cvsu.edu.ph
202363289,Roderic Venney,RodericVenney@cvsu.edu.ph
202397399,Carita Cordero,CaritaCordero@cvsu.edu.ph
202340742,Giavani Lilleycrop,GiavaniLilleycrop@cvsu.edu.ph
202389468,Sibyl Volk,SibylVolk@cvsu.edu.ph
202306648,Nan Hillyatt,NanHillyatt@cvsu.edu.ph
202357829,Arabelle Stephens,ArabelleStephens@cvsu.edu.ph
202323921,Dougy Quinnet,DougyQuinnet@cvsu.edu.ph
202306849,Leilah Parr,LeilahParr@cvsu.edu.ph
202349859,Zebulon Kobes,ZebulonKobes@cvsu.edu.ph
202337186,Skippy Yeaman,SkippyYeaman@cvsu.edu.ph
202321807,Mariana Muscat,MarianaMuscat@cvsu.edu.ph
202341193,Emilee Ruegg,EmileeRuegg@cvsu.edu.ph
202373668,Barrie Surgood,BarrieSurgood@cvsu.edu.ph
202399728,Benni Baford,BenniBaford@cvsu.edu.ph
202349553,Haze Wrefford,HazeWrefford@cvsu.edu.ph
202330126,Gracie Brotherick,GracieBrotherick@cvsu.edu.ph
202397438,Shae Kundt,ShaeKundt@cvsu.edu.ph
202308322,Melody Buchett,MelodyBuchett@cvsu.edu.ph
202367374,Anett McColl,AnettMcColl@cvsu.edu.ph
202391006,Tani Larkins,TaniLarkins@cvsu.edu.ph
202370306,Garrek Annell,GarrekAnnell@cvsu.edu.ph
202321740,Rik Langstrath,RikLangstrath@cvsu.edu.ph
202350401,Nannette Deguara,NannetteDeguara@cvsu.edu.ph
202399297,Harmonie Meadowcraft,HarmonieMeadowcraft@cvsu.edu.ph
202324910,Roxine McCrea,RoxineMcCrea@cvsu.edu.ph
202385538,Tim Borrie,TimBorrie@cvsu.edu.ph
202345104,Inger Gallymore,IngerGallymore@cvsu.edu.ph
202323677,Joyan Merwe,JoyanMerwe@cvsu.edu.ph
202394902,George Daniel,GeorgeDaniel@cvsu.edu.ph
202339356,Cherish Medgewick,CherishMedgewick@cvsu.edu.ph
202334256,Gweneth Haistwell,GwenethHaistwell@cvsu.edu.ph
202390995,Alverta Bernaciak,AlvertaBernaciak@cvsu.edu.ph
202370739,Cecilius Greer,CeciliusGreer@cvsu.edu.ph
202389237,Marla Rosenhaupt,MarlaRosenhaupt@cvsu.edu.ph
202301139,Lorenzo Ibotson,LorenzoIbotson@cvsu.edu.ph
202364712,Allard Kill,AllardKill@cvsu.edu.ph
202349983,Shayla Forsythe,ShaylaForsythe@cvsu.edu.ph
202305092,Annie Ortells,AnnieOrtells@cvsu.edu.ph
202374846,Eolanda Knivett,EolandaKnivett@cvsu.edu.ph
202326852,Gabriellia Steeden,GabrielliaSteeden@cvsu.edu.ph
202345830,Kylen Van Saltsberg,KylenVanSaltsberg@cvsu.edu.ph
202334639,Ches Matijevic,ChesMatijevic@cvsu.edu.ph
202347165,Hunt Witter,HuntWitter@cvsu.edu.ph
202376176,Carlen Shenfisch,CarlenShenfisch@cvsu.edu.ph
202384067,Tildie Prebble,TildiePrebble@cvsu.edu.ph
202386737,Brooks Silby,BrooksSilby@cvsu.edu.ph
202367956,Morgan Sheffield,MorganSheffield@cvsu.edu.ph
202344328,Ulric Hanselmann,UlricHanselmann@cvsu.edu.ph
202359867,Salomone Bithell,SalomoneBithell@cvsu.edu.ph
202307342,Rosalind Foker,RosalindFoker@cvsu.edu.ph
202375444,Chrisy Usborn,ChrisyUsborn@cvsu.edu.ph
202335037,Opaline Zavittieri,OpalineZavittieri@cvsu.edu.ph
202351214,Giuseppe Kilgrew,GiuseppeKilgrew@cvsu.edu.ph
202380457,Marnie Shoveller,MarnieShoveller@cvsu.edu.ph
202356693,Vidovik Bartalin,VidovikBartalin@cvsu.edu.ph
202312745,Sheila-kathryn Kaas,Sheila-kathrynKaas@cvsu.edu.ph
202351848,Janel Mustin,JanelMustin@cvsu.edu.ph
202306695,Clayton Broome,ClaytonBroome@cvsu.edu.ph
202324757,Tabbie Yakovliv,TabbieYakovliv@cvsu.edu.ph
202335323,Wylie Stubbe,WylieStubbe@cvsu.edu.ph
202330838,Ashley Kenna,AshleyKenna@cvsu.edu.ph
202317289,Ase Ivakhin,AseIvakhin@cvsu.edu.ph
202301809,Augustine Aloigi,AugustineAloigi@cvsu.edu.ph
202346081,Helen Reiglar,HelenReiglar@cvsu.edu.ph
202393741,Gabie Pharrow,GabiePharrow@cvsu.edu.ph
202376212,Mireielle Aronson,MireielleAronson@cvsu.edu.ph
202371872,Karney Tew,KarneyTew@cvsu.edu.ph
202375177,Sheila Chagg,SheilaChagg@cvsu.edu.ph
202309670,Jake Gioan,JakeGioan@cvsu.edu.ph
202369220,Alfonse Boulden,AlfonseBoulden@cvsu.edu.ph
202306210,Simon Dunkerk,SimonDunkerk@cvsu.edu.ph
202327056,Ursola Faughey,UrsolaFaughey@cvsu.edu.ph
202351962,Cassondra Demaid,CassondraDemaid@cvsu.edu.ph
202338596,Darryl Henner,DarrylHenner@cvsu.edu.ph
202394224,Emory Roe,EmoryRoe@cvsu.edu.ph
202327607,Marianna Arias,MariannaArias@cvsu.edu.ph
202356560,Lucas Comberbeach,LucasComberbeach@cvsu.edu.ph
202362034,Rahel Licas,RahelLicas@cvsu.edu.ph
202392320,Hoyt Gerren,HoytGerren@cvsu.edu.ph
202318118,Brewer Telega,BrewerTelega@cvsu.edu.ph
202345545,Tracy Hartless,TracyHartless@cvsu.edu.ph
202309868,Ardeen Stronough,ArdeenStronough@cvsu.edu.ph
202310627,Jae Stuck,JaeStuck@cvsu.edu.ph
202319434,Culver Pavelin,CulverPavelin@cvsu.edu.ph
202360692,Goober Hagan,GooberHagan@cvsu.edu.ph
202340551,Brook Liddiard,BrookLiddiard@cvsu.edu.ph
202365904,Jennilee Denness,JennileeDenness@cvsu.edu.ph
202353822,Cecily Eborn,CecilyEborn@cvsu.edu.ph
202373613,Miof mela Bettenay,MiofmelaBettenay@cvsu.edu.ph
202308158,Olenolin Norrie,OlenolinNorrie@cvsu.edu.ph
202371813,Darleen Blonfield,DarleenBlonfield@cvsu.edu.ph
202313794,Brynne Arsmith,BrynneArsmith@cvsu.edu.ph
202392829,Pernell Heinish,PernellHeinish@cvsu.edu.ph
202318823,Renee Siaskowski,ReneeSiaskowski@cvsu.edu.ph
202346361,Kerry Weald,KerryWeald@cvsu.edu.ph
202325419,Luciana Robottom,LucianaRobottom@cvsu.edu.ph
202381857,Bobbe Grunnill,BobbeGrunnill@cvsu.edu.ph
202334550,Broddy Hutchcraft,BroddyHutchcraft@cvsu.edu.ph
202311530,Trixy Writer,TrixyWriter@cvsu.edu.ph
202388175,Carri Gobel,CarriGobel@cvsu.edu.ph
202366910,Nancie Averall,NancieAverall@cvsu.edu.ph
202339563,Nelia Williams,NeliaWilliams@cvsu.edu.ph
202353582,Stacee Segebrecht,StaceeSegebrecht@cvsu.edu.ph
202329634,Kevon Pietri,KevonPietri@cvsu.edu.ph
202331130,Edlin Dessaur,EdlinDessaur@cvsu.edu.ph
202398510,Charmine Keys,CharmineKeys@cvsu.edu.ph
202321792,Candie Claffey,CandieClaffey@cvsu.edu.ph
202362029,Biddie Dudbridge,BiddieDudbridge@cvsu.edu.ph
202323438,Dotty Broady,DottyBroady@cvsu.edu.ph
202392191,Dena Cleaton,DenaCleaton@cvsu.edu.ph
202336953,Brianna Slinger,BriannaSlinger@cvsu.edu.ph
202351160,Adel Norcliffe,AdelNorcliffe@cvsu.edu.ph
202312054,Maxwell Monini,MaxwellMonini@cvsu.edu.ph
202337986,Shaun Valentetti,ShaunValentetti@cvsu.edu.ph
202359248,Addy Duplock,AddyDuplock@cvsu.edu.ph
202353102,Raff Gayforth,RaffGayforth@cvsu.edu.ph
202314939,Jamill Beloe,JamillBeloe@cvsu.edu.ph
202320480,Graeme Brookz,GraemeBrookz@cvsu.edu.ph
202324524,Cirstoforo Geaney,CirstoforoGeaney@cvsu.edu.ph
202316766,Margette Edgerley,MargetteEdgerley@cvsu.edu.ph
202333570,Cloe Angless,CloeAngless@cvsu.edu.ph
202365799,Tildi Gammade,TildiGammade@cvsu.edu.ph
202316193,Currie Gowan,CurrieGowan@cvsu.edu.ph
202399729,Koressa Harbidge,KoressaHarbidge@cvsu.edu.ph
202344487,Madeline Kairns,MadelineKairns@cvsu.edu.ph
202363631,Sheela Doody,SheelaDoody@cvsu.edu.ph
202392007,Perla Mulrean,PerlaMulrean@cvsu.edu.ph
202301572,Gale Carlaw,GaleCarlaw@cvsu.edu.ph
202322346,Bondy Tomczynski,BondyTomczynski@cvsu.edu.ph
202324066,Gabi Skey,GabiSkey@cvsu.edu.ph
202324981,Matthaeus Wike,MatthaeusWike@cvsu.edu.ph
202366554,Gearard Dymond,GearardDymond@cvsu.edu.ph
202343571,Burton Manhood,BurtonManhood@cvsu.edu.ph
202306528,Goldi O'Towey,GoldiO'Towey@cvsu.edu.ph
202330113,Ashly Harmes,AshlyHarmes@cvsu.edu.ph
202310522,Fitzgerald Imore,FitzgeraldImore@cvsu.edu.ph
202356227,Florie Doxey,FlorieDoxey@cvsu.edu.ph
202318039,Estele Austen,EsteleAusten@cvsu.edu.ph
202310639,Edi Paley,EdiPaley@cvsu.edu.ph
202387724,Alfonse Jeremaes,AlfonseJeremaes@cvsu.edu.ph
202350162,Laney Robertelli,LaneyRobertelli@cvsu.edu.ph
202367426,Winni Broadbury,WinniBroadbury@cvsu.edu.ph
202338216,Max Ocklin,MaxOcklin@cvsu.edu.ph
202385724,Erick Reisen,ErickReisen@cvsu.edu.ph
202356840,Ashley Biaggiotti,AshleyBiaggiotti@cvsu.edu.ph
202384087,Astrix Wightman,AstrixWightman@cvsu.edu.ph
202378915,Philip Brian,PhilipBrian@cvsu.edu.ph
202355323,Gardie Slite,GardieSlite@cvsu.edu.ph
202325438,Otes Eslemont,OtesEslemont@cvsu.edu.ph
202382092,Olivier Cockshutt,OlivierCockshutt@cvsu.edu.ph
202369254,Thadeus Terne,ThadeusTerne@cvsu.edu.ph
202333860,Coletta Deuss,ColettaDeuss@cvsu.edu.ph
202300161,Emmanuel Rowen,EmmanuelRowen@cvsu.edu.ph
202388933,Wilbur Mercy,WilburMercy@cvsu.edu.ph
202395693,Dulsea MacAskie,DulseaMacAskie@cvsu.edu.ph
202377922,Tedman Prosch,TedmanProsch@cvsu.edu.ph
202333360,Alanah Armin,AlanahArmin@cvsu.edu.ph
202392452,Meredeth Tuckey,MeredethTuckey@cvsu.edu.ph
202381604,Veronike Dannatt,VeronikeDannatt@cvsu.edu.ph
202306407,Nady Vida,NadyVida@cvsu.edu.ph
202304418,Letty Brinkworth,LettyBrinkworth@cvsu.edu.ph
202372053,Darwin Broscombe,DarwinBroscombe@cvsu.edu.ph
202344441,Sabrina Bloys,SabrinaBloys@cvsu.edu.ph
202348072,Lind Oloshin,LindOloshin@cvsu.edu.ph
202340455,Delmore Heselwood,DelmoreHeselwood@cvsu.edu.ph
202393942,Carma Crick,CarmaCrick@cvsu.edu.ph
202333392,Pepi Rown,PepiRown@cvsu.edu.ph
202336929,Benedicto Coutthart,BenedictoCoutthart@cvsu.edu.ph
202396859,Fredi Choppin,FrediChoppin@cvsu.edu.ph
202366331,Carolyn Beere,CarolynBeere@cvsu.edu.ph
202382168,Sibeal Frostdick,SibealFrostdick@cvsu.edu.ph
202352085,Hobie Furney,HobieFurney@cvsu.edu.ph
202319442,Augustina Humphery,AugustinaHumphery@cvsu.edu.ph
202397643,Jacquenette Tease,JacquenetteTease@cvsu.edu.ph
202302462,Fay Cicchinelli,FayCicchinelli@cvsu.edu.ph
202387057,Enos Cotesford,EnosCotesford@cvsu.edu.ph
202386817,Costanza Barmadier,CostanzaBarmadier@cvsu.edu.ph
202352672,Iorgo Pascoe,IorgoPascoe@cvsu.edu.ph
202380603,Brittaney Kilsby,BrittaneyKilsby@cvsu.edu.ph
202390984,Josh Danter,JoshDanter@cvsu.edu.ph
202376430,Illa Kelston,IllaKelston@cvsu.edu.ph
202341372,Dosi Dakhno,DosiDakhno@cvsu.edu.ph
202303053,Raffaello Swanton,RaffaelloSwanton@cvsu.edu.ph
202357444,Enriqueta Ryles,EnriquetaRyles@cvsu.edu.ph
202328756,Angelika Stopford,AngelikaStopford@cvsu.edu.ph
202380357,Kin Sherrum,KinSherrum@cvsu.edu.ph
202360647,Justino Ovenden,JustinoOvenden@cvsu.edu.ph
202355594,Nathaniel Jovey,NathanielJovey@cvsu.edu.ph
202391458,Merrili McGrane,MerriliMcGrane@cvsu.edu.ph
202368286,Paulita Glendenning,PaulitaGlendenning@cvsu.edu.ph
202390585,Nalani Stammirs,NalaniStammirs@cvsu.edu.ph
202313000,Daryn Sturr,DarynSturr@cvsu.edu.ph
202329957,Pooh Luckman,PoohLuckman@cvsu.edu.ph
202340994,Francis Pree,FrancisPree@cvsu.edu.ph
202346901,Zondra Riddiford,ZondraRiddiford@cvsu.edu.ph
202307167,Brocky Andrzejowski,BrockyAndrzejowski@cvsu.edu.ph
202388047,Druci Marklund,DruciMarklund@cvsu.edu.ph
202336656,Cristy Kuschke,CristyKuschke@cvsu.edu.ph
202363964,Lilah Anscott,LilahAnscott@cvsu.edu.ph
202388733,Maison Greatrex,MaisonGreatrex@cvsu.edu.ph
202363544,Amery Please,AmeryPlease@cvsu.edu.ph
202389822,Wainwright Lamping,WainwrightLamping@cvsu.edu.ph
202376640,Noam Coslitt,NoamCoslitt@cvsu.edu.ph
202379758,Davon Pavese,DavonPavese@cvsu.edu.ph
202334093,Gusty Coulton,GustyCoulton@cvsu.edu.ph
202378422,Lyndell Widmoor,LyndellWidmoor@cvsu.edu.ph
202313570,Maurits Daniaud,MauritsDaniaud@cvsu.edu.ph
202375659,Vittoria Lilie,VittoriaLilie@cvsu.edu.ph
202309827,Bobette McGairl,BobetteMcGairl@cvsu.edu.ph
202323500,Linda Eastmead,LindaEastmead@cvsu.edu.ph
202386037,Claudell Spiers,ClaudellSpiers@cvsu.edu.ph
202380782,Matias Rosenberger,MatiasRosenberger@cvsu.edu.ph
202391864,Reeba Estevez,ReebaEstevez@cvsu.edu.ph
202374101,Will Battison,WillBattison@cvsu.edu.ph
202363095,Jillana Clemo,JillanaClemo@cvsu.edu.ph
202390914,Wynnie Surgen,WynnieSurgen@cvsu.edu.ph
202332027,Lidia Oselton,LidiaOselton@cvsu.edu.ph
202372421,Lula Nyssen,LulaNyssen@cvsu.edu.ph
202367038,Shauna Rolls,ShaunaRolls@cvsu.edu.ph
202308988,Adel Millwall,AdelMillwall@cvsu.edu.ph
202389410,Ely Vigne,ElyVigne@cvsu.edu.ph
202328937,Bax Bottby,BaxBottby@cvsu.edu.ph
202356596,Noella Goodlife,NoellaGoodlife@cvsu.edu.ph
202314430,Madelon Challoner,MadelonChalloner@cvsu.edu.ph
202341002,Bailey Desmond,BaileyDesmond@cvsu.edu.ph
202320044,Alexei Broadist,AlexeiBroadist@cvsu.edu.ph
202342663,Jay Snoddin,JaySnoddin@cvsu.edu.ph
202356560,Claude Snelling,ClaudeSnelling@cvsu.edu.ph
202350369,Evangelina Antrack,EvangelinaAntrack@cvsu.edu.ph
202309960,Cori Sapseed,CoriSapseed@cvsu.edu.ph
202339747,Rasla Samms,RaslaSamms@cvsu.edu.ph
202316542,Allissa Pepperell,AllissaPepperell@cvsu.edu.ph
202387711,Darcee McKinty,DarceeMcKinty@cvsu.edu.ph
202350252,Orbadiah Grzegorzewski,OrbadiahGrzegorzewski@cvsu.edu.ph
202312356,Heywood Dowyer,HeywoodDowyer@cvsu.edu.ph
202390009,Adham Ibarra,AdhamIbarra@cvsu.edu.ph
202350321,Kare Flewan,KareFlewan@cvsu.edu.ph
202348195,Marj Oleksiak,MarjOleksiak@cvsu.edu.ph
202357802,Lorrie Rosenfelt,LorrieRosenfelt@cvsu.edu.ph
202335799,Marsh Case,MarshCase@cvsu.edu.ph
202366777,Cybil Formby,CybilFormby@cvsu.edu.ph
202338605,Moss Burdus,MossBurdus@cvsu.edu.ph
202371740,Maire Thow,MaireThow@cvsu.edu.ph
202323174,Edd Hurdle,EddHurdle@cvsu.edu.ph
202395857,Tallulah Bemrose,TallulahBemrose@cvsu.edu.ph
202372778,Nikki Bolden,NikkiBolden@cvsu.edu.ph
202337336,Vasili Dotson,VasiliDotson@cvsu.edu.ph
202396012,Francois Dunks,FrancoisDunks@cvsu.edu.ph
202375666,Sheba Elford,ShebaElford@cvsu.edu.ph
202339542,Fleur Kember,FleurKember@cvsu.edu.ph
202340800,Westley Oneile,WestleyOneile@cvsu.edu.ph
202310940,Gardner Ludgate,GardnerLudgate@cvsu.edu.ph
202345968,Marjory Mort,MarjoryMort@cvsu.edu.ph
202367522,Dorry Portam,DorryPortam@cvsu.edu.ph
202332835,Viviyan Skeermer,ViviyanSkeermer@cvsu.edu.ph
202355950,Johannah Holgan,JohannahHolgan@cvsu.edu.ph
202370219,Bryon Berryman,BryonBerryman@cvsu.edu.ph
202378495,Michail Bransdon,MichailBransdon@cvsu.edu.ph
202354166,Benedicto Sandwick,BenedictoSandwick@cvsu.edu.ph
202352851,Illa Tessington,IllaTessington@cvsu.edu.ph
202305022,Mahala Baddiley,MahalaBaddiley@cvsu.edu.ph
202366873,Joseph Kelby,JosephKelby@cvsu.edu.ph
202354908,Angil Scramage,AngilScramage@cvsu.edu.ph
202326458,Fredek Clewes,FredekClewes@cvsu.edu.ph
202389107,Caresse Juden,CaresseJuden@cvsu.edu.ph
202398846,Nancy Pollicote,NancyPollicote@cvsu.edu.ph
202378369,Kori Pamphilon,KoriPamphilon@cvsu.edu.ph
202317032,Reggy Kington,ReggyKington@cvsu.edu.ph
202359841,Ilise Husbands,IliseHusbands@cvsu.edu.ph
202381922,Dael Shafto,DaelShafto@cvsu.edu.ph
202376032,Northrup Sigg,NorthrupSigg@cvsu.edu.ph
202300491,Thomasin Blondell,ThomasinBlondell@cvsu.edu.ph
202324511,Aindrea Pelos,AindreaPelos@cvsu.edu.ph
202314704,Alvan Lamont,AlvanLamont@cvsu.edu.ph
202304084,Yvon Dominguez,YvonDominguez@cvsu.edu.ph
202389679,Anastasie Lanfranchi,AnastasieLanfranchi@cvsu.edu.ph
202383216,Marcus Germain,MarcusGermain@cvsu.edu.ph
202302823,Renae Salvadori,RenaeSalvadori@cvsu.edu.ph
202358921,Rollo Cellier,RolloCellier@cvsu.edu.ph
202301176,Tris Casaccio,TrisCasaccio@cvsu.edu.ph
202350833,Bunny Willavize,BunnyWillavize@cvsu.edu.ph
202370352,Antoni Cobbin,AntoniCobbin@cvsu.edu.ph
202382920,Harold Pilger,HaroldPilger@cvsu.edu.ph
202391530,Erminie Roelvink,ErminieRoelvink@cvsu.edu.ph
202385323,Germain Matschoss,GermainMatschoss@cvsu.edu.ph
202326666,Cara Wenn,CaraWenn@cvsu.edu.ph
202392583,Jane Astles,JaneAstles@cvsu.edu.ph
202343577,Davon Greenshields,DavonGreenshields@cvsu.edu.ph
202303447,Garrik Ottawell,GarrikOttawell@cvsu.edu.ph
202304994,Meggy Dredge,MeggyDredge@cvsu.edu.ph
202340470,Jeremy MacAlees,JeremyMacAlees@cvsu.edu.ph
202328762,Thekla Asprey,TheklaAsprey@cvsu.edu.ph
202375103,Odelia Fomichyov,OdeliaFomichyov@cvsu.edu.ph
202349967,Alfi Pundy,AlfiPundy@cvsu.edu.ph
202383376,Emanuel Vassman,EmanuelVassman@cvsu.edu.ph
202389392,Fletch Wren,FletchWren@cvsu.edu.ph
202316744,Bald Feak,BaldFeak@cvsu.edu.ph
202378204,Denny Andraud,DennyAndraud@cvsu.edu.ph
202393828,Janaye Ahrens,JanayeAhrens@cvsu.edu.ph
202379664,Bab O' Lone,BabO'Lone@cvsu.edu.ph
202322252,Aarika Jacobowitz,AarikaJacobowitz@cvsu.edu.ph
202318994,Colet Fante,ColetFante@cvsu.edu.ph
202363731,Marita Kidston,MaritaKidston@cvsu.edu.ph
202366927,Berthe Gulliman,BertheGulliman@cvsu.edu.ph
202370965,Denis Chadd,DenisChadd@cvsu.edu.ph
202377166,Laural Amor,LauralAmor@cvsu.edu.ph
202342599,Alan Smidmore,AlanSmidmore@cvsu.edu.ph
202347834,Garrek Baily,GarrekBaily@cvsu.edu.ph
202314147,Vivienne Eddowes,VivienneEddowes@cvsu.edu.ph
202322702,Gregoire Dubble,GregoireDubble@cvsu.edu.ph
202368170,Lanae Lepper,LanaeLepper@cvsu.edu.ph
202383982,Hamnet Hinkens,HamnetHinkens@cvsu.edu.ph
202386987,Chastity Cardenoso,ChastityCardenoso@cvsu.edu.ph
202361548,Arlena Aitcheson,ArlenaAitcheson@cvsu.edu.ph
202324641,Claretta MacGuigan,ClarettaMacGuigan@cvsu.edu.ph
202302906,Lynn Hadlow,LynnHadlow@cvsu.edu.ph
202396745,Orsa Bertome,OrsaBertome@cvsu.edu.ph
202324292,Jacquelyn Brisley,JacquelynBrisley@cvsu.edu.ph
202388348,Nedi Mozzi,NediMozzi@cvsu.edu.ph
202356302,Jillane Gallahar,JillaneGallahar@cvsu.edu.ph
202344751,Mommy Siuda,MommySiuda@cvsu.edu.ph
202304272,Ines Withers,InesWithers@cvsu.edu.ph
202348409,Mildred Van den Oord,MildredVandenOord@cvsu.edu.ph
202370896,Carissa Berkley,CarissaBerkley@cvsu.edu.ph
202346731,Val Soltan,ValSoltan@cvsu.edu.ph
202355245,Konstantine Clouter,KonstantineClouter@cvsu.edu.ph
202394352,Octavia Ayliffe,OctaviaAyliffe@cvsu.edu.ph
202309003,Lionello Benallack,LionelloBenallack@cvsu.edu.ph
202329540,Ninon Hathway,NinonHathway@cvsu.edu.ph
202301182,Larry Dearnly,LarryDearnly@cvsu.edu.ph
202358479,Emma Husby,EmmaHusby@cvsu.edu.ph
202366672,Gareth Burge,GarethBurge@cvsu.edu.ph
202320700,Raynor Sigsworth,RaynorSigsworth@cvsu.edu.ph
202323973,Cece Barton,CeceBarton@cvsu.edu.ph
202375492,Reeva Keher,ReevaKeher@cvsu.edu.ph
202367207,Joe Francomb,JoeFrancomb@cvsu.edu.ph
202383941,Fairfax Mil,FairfaxMil@cvsu.edu.ph
202344771,Lory Rope,LoryRope@cvsu.edu.ph
202376240,Keven Culverhouse,KevenCulverhouse@cvsu.edu.ph
202309135,Ethelda Allan,EtheldaAllan@cvsu.edu.ph
202305980,Amie Tassel,AmieTassel@cvsu.edu.ph
202390954,Celesta Rowthorn,CelestaRowthorn@cvsu.edu.ph
202383314,Marlene Denekamp,MarleneDenekamp@cvsu.edu.ph
202369602,Giffer Iacomini,GifferIacomini@cvsu.edu.ph
202325156,Anderson Extance,AndersonExtance@cvsu.edu.ph
202340638,Elliott Trappe,ElliottTrappe@cvsu.edu.ph
202349261,Lonee Matyukon,LoneeMatyukon@cvsu.edu.ph
202307856,Opalina Egdale,OpalinaEgdale@cvsu.edu.ph
202342568,Ettie Tantum,EttieTantum@cvsu.edu.ph
202330752,Gilligan Sictornes,GilliganSictornes@cvsu.edu.ph
202322956,Luise Peschke,LuisePeschke@cvsu.edu.ph
202359174,Jarrett Lambertini,JarrettLambertini@cvsu.edu.ph
202310786,Janice Emig,JaniceEmig@cvsu.edu.ph
202390650,Margeaux Hearsey,MargeauxHearsey@cvsu.edu.ph
202390240,Barbe Pollok,BarbePollok@cvsu.edu.ph
202372595,Samuel Karlolczak,SamuelKarlolczak@cvsu.edu.ph
202389218,Melessa Feldberger,MelessaFeldberger@cvsu.edu.ph
202339277,Francis Cressar,FrancisCressar@cvsu.edu.ph
202390345,Maribeth Batte,MaribethBatte@cvsu.edu.ph
202363611,Marie Pavia,MariePavia@cvsu.edu.ph
202325742,Ilyssa Starbeck,IlyssaStarbeck@cvsu.edu.ph
202340134,Coriss Sinkings,CorissSinkings@cvsu.edu.ph
202382000,Dale MacCafferty,DaleMacCafferty@cvsu.edu.ph
202350510,Staci Grenfell,StaciGrenfell@cvsu.edu.ph
202302442,Anatol Canti,AnatolCanti@cvsu.edu.ph
202362056,Sutherland Gallager,SutherlandGallager@cvsu.edu.ph
202389392,Silvan Girhard,SilvanGirhard@cvsu.edu.ph
202342578,Cinnamon Treker,CinnamonTreker@cvsu.edu.ph
202391258,Loria Maxwaile,LoriaMaxwaile@cvsu.edu.ph
202332688,Julianne McAlister,JulianneMcAlister@cvsu.edu.ph
202365151,Aubree Gayle,AubreeGayle@cvsu.edu.ph
202371944,Doretta Menicomb,DorettaMenicomb@cvsu.edu.ph
202386976,Jobi Ickovici,JobiIckovici@cvsu.edu.ph
202376154,Vail Maryman,VailMaryman@cvsu.edu.ph
202382093,Evered Heineke,EveredHeineke@cvsu.edu.ph
202305957,Karalee Bruniges,KaraleeBruniges@cvsu.edu.ph
202367066,Rose Jorgesen,RoseJorgesen@cvsu.edu.ph
202365654,Lombard Kehir,LombardKehir@cvsu.edu.ph
202306684,Prue McDonagh,PrueMcDonagh@cvsu.edu.ph
202306775,Odey O'Mullaney,OdeyO'Mullaney@cvsu.edu.ph
202373964,Rabbi Cordero,RabbiCordero@cvsu.edu.ph
202316050,Erin Dear,ErinDear@cvsu.edu.ph
202347808,Zandra Knock,ZandraKnock@cvsu.edu.ph
202308703,Dominga Domoni,DomingaDomoni@cvsu.edu.ph
202376684,Alric Easom,AlricEasom@cvsu.edu.ph
202342758,Faustina Walford,FaustinaWalford@cvsu.edu.ph
202354988,Vikky Pimbley,VikkyPimbley@cvsu.edu.ph
202378770,Flem Le Monnier,FlemLeMonnier@cvsu.edu.ph
202352362,Pamelina Hansell,PamelinaHansell@cvsu.edu.ph
202372156,Ransom Goering,RansomGoering@cvsu.edu.ph
202375597,Mavis Kyndred,MavisKyndred@cvsu.edu.ph
202326670,Torry Pardoe,TorryPardoe@cvsu.edu.ph
202326978,Theodore Mathewson,TheodoreMathewson@cvsu.edu.ph
202318459,Pierette De Beauchemp,PieretteDeBeauchemp@cvsu.edu.ph
202311938,Karlotta Kinane,KarlottaKinane@cvsu.edu.ph
202319800,Marlo Carlan,MarloCarlan@cvsu.edu.ph
202325872,Holden Sedgmond,HoldenSedgmond@cvsu.edu.ph
202325795,Traci Harniman,TraciHarniman@cvsu.edu.ph
202395905,Cori Cockitt,CoriCockitt@cvsu.edu.ph
202391130,Rickie Trangmar,RickieTrangmar@cvsu.edu.ph
202313227,Wesley Cardozo,WesleyCardozo@cvsu.edu.ph
202395144,Chelsae Wheldon,ChelsaeWheldon@cvsu.edu.ph
202323027,Anette De Castri,AnetteDeCastri@cvsu.edu.ph
202370912,Zerk Abrahm,ZerkAbrahm@cvsu.edu.ph
202300553,Stanly Burgess,StanlyBurgess@cvsu.edu.ph
202302498,Zorana Laurentin,ZoranaLaurentin@cvsu.edu.ph
202319375,Tasia Pudsey,TasiaPudsey@cvsu.edu.ph
202336562,Drud Roke,DrudRoke@cvsu.edu.ph
202302057,Pauli Wixey,PauliWixey@cvsu.edu.ph
202341252,Lodovico McGlashan,LodovicoMcGlashan@cvsu.edu.ph
202337407,Thorn Spurgin,ThornSpurgin@cvsu.edu.ph
202308197,Hoyt Peacham,HoytPeacham@cvsu.edu.ph
202391670,Madelene Kill,MadeleneKill@cvsu.edu.ph
202389166,Dannel Odo,DannelOdo@cvsu.edu.ph
202391127,Valene Hales,ValeneHales@cvsu.edu.ph
202397204,Louise Fullalove,LouiseFullalove@cvsu.edu.ph
202368027,Tuesday Cave,TuesdayCave@cvsu.edu.ph
202361922,Gianina Parnaby,GianinaParnaby@cvsu.edu.ph
202311305,Mady Leyrroyd,MadyLeyrroyd@cvsu.edu.ph
202360244,Dalston Syplus,DalstonSyplus@cvsu.edu.ph
202348788,Iain Wombwell,IainWombwell@cvsu.edu.ph
202312967,Carmencita Lurriman,CarmencitaLurriman@cvsu.edu.ph
202386559,Ruth Bowman,RuthBowman@cvsu.edu.ph
202305558,Batholomew Oliver-Paull,BatholomewOliver-Paull@cvsu.edu.ph
202329938,Gerri Belin,GerriBelin@cvsu.edu.ph
202315581,Erin Gallop,ErinGallop@cvsu.edu.ph
202344421,Will Harbour,WillHarbour@cvsu.edu.ph
202370493,Arnoldo Mapes,ArnoldoMapes@cvsu.edu.ph
202354609,Dulcine Margrett,DulcineMargrett@cvsu.edu.ph
202357896,Myranda Pressdee,MyrandaPressdee@cvsu.edu.ph
202320158,Cathlene Scandwright,CathleneScandwright@cvsu.edu.ph
202335091,Larisa Castangia,LarisaCastangia@cvsu.edu.ph
202388773,Jeanne Alentyev,JeanneAlentyev@cvsu.edu.ph
202344558,Jodie Christal,JodieChristal@cvsu.edu.ph
202398135,Faina Rattray,FainaRattray@cvsu.edu.ph
202365339,Skylar Seelbach,SkylarSeelbach@cvsu.edu.ph
202331787,Rori Froom,RoriFroom@cvsu.edu.ph
202375940,Jonell Clive,JonellClive@cvsu.edu.ph
202393316,Uri Greggs,UriGreggs@cvsu.edu.ph
202364960,Corissa Worthington,CorissaWorthington@cvsu.edu.ph
202326035,Arne Simper,ArneSimper@cvsu.edu.ph
202303259,Trace Millsap,TraceMillsap@cvsu.edu.ph
202354090,Horst Sponder,HorstSponder@cvsu.edu.ph
202358836,Cris Bernaldez,CrisBernaldez@cvsu.edu.ph
202397988,Consuelo Frankema,ConsueloFrankema@cvsu.edu.ph
202383719,Nadia Pessold,NadiaPessold@cvsu.edu.ph
202318810,Broddie O'Regan,BroddieO'Regan@cvsu.edu.ph
202385720,Bridie Shilton,BridieShilton@cvsu.edu.ph
202348090,Kailey Georgeau,KaileyGeorgeau@cvsu.edu.ph
202307048,Catrina Weeden,CatrinaWeeden@cvsu.edu.ph
202370723,Gwenore Borrett,GwenoreBorrett@cvsu.edu.ph
202371015,Flem Daspar,FlemDaspar@cvsu.edu.ph
202343967,Orbadiah Maclaine,OrbadiahMaclaine@cvsu.edu.ph
202313542,Matt MacCallam,MattMacCallam@cvsu.edu.ph
202314548,Steffie Flanne,SteffieFlanne@cvsu.edu.ph
202329161,Latrena Lamba,LatrenaLamba@cvsu.edu.ph
202373539,Shea Stickles,SheaStickles@cvsu.edu.ph
202325586,Betteanne Newart,BetteanneNewart@cvsu.edu.ph
202352765,Patsy Robjents,PatsyRobjents@cvsu.edu.ph
202350272,Robbie Jeppensen,RobbieJeppensen@cvsu.edu.ph
202339903,Ketty Semaine,KettySemaine@cvsu.edu.ph
202341355,Codee Writer,CodeeWriter@cvsu.edu.ph
202377515,Mahalia Mollison,MahaliaMollison@cvsu.edu.ph
202397227,Phaedra Withrop,PhaedraWithrop@cvsu.edu.ph
202380987,Ogdan McCullagh,OgdanMcCullagh@cvsu.edu.ph
202350971,Salomon Edmonson,SalomonEdmonson@cvsu.edu.ph
202365136,Julianna Merrifield,JuliannaMerrifield@cvsu.edu.ph
202337773,Giulia Trowl,GiuliaTrowl@cvsu.edu.ph
202363798,Nat Mogey,NatMogey@cvsu.edu.ph
202361344,Bonnibelle Cicculini,BonnibelleCicculini@cvsu.edu.ph
202325721,Marc Masic,MarcMasic@cvsu.edu.ph
202310330,Ardeen Walesa,ArdeenWalesa@cvsu.edu.ph
202342862,Ros Colcomb,RosColcomb@cvsu.edu.ph
202330562,Cyrillus Rowles,CyrillusRowles@cvsu.edu.ph
202370649,Fredrick Dunning,FredrickDunning@cvsu.edu.ph
202320462,Sheela Tipperton,SheelaTipperton@cvsu.edu.ph
202305041,Alanson Martignoni,AlansonMartignoni@cvsu.edu.ph
202394227,Arv Danell,ArvDanell@cvsu.edu.ph
202362891,Babita Coweuppe,BabitaCoweuppe@cvsu.edu.ph
202390819,Meade Bispham,MeadeBispham@cvsu.edu.ph
202357709,Garnet Sprague,GarnetSprague@cvsu.edu.ph
202370040,Nikki Yorkston,NikkiYorkston@cvsu.edu.ph
202375100,Lela Moore,LelaMoore@cvsu.edu.ph
202322907,Godiva Roumier,GodivaRoumier@cvsu.edu.ph
202329334,Son Sibbs,SonSibbs@cvsu.edu.ph
202381181,Torre Itzcak,TorreItzcak@cvsu.edu.ph
202314188,Chantal Haxell,ChantalHaxell@cvsu.edu.ph
202334017,Sarena Beagan,SarenaBeagan@cvsu.edu.ph
202308182,Wrennie Sumpner,WrennieSumpner@cvsu.edu.ph
202319045,Jocelyne Huskisson,JocelyneHuskisson@cvsu.edu.ph
202308097,Bathsheba Dinneges,BathshebaDinneges@cvsu.edu.ph
202328153,Stuart Meechan,StuartMeechan@cvsu.edu.ph
202331113,Anita Gonzalo,AnitaGonzalo@cvsu.edu.ph
202365420,Lucretia Hartless,LucretiaHartless@cvsu.edu.ph
202328141,Becky Samwell,BeckySamwell@cvsu.edu.ph
202376425,Ganny Dodell,GannyDodell@cvsu.edu.ph
202379521,Karly Dacca,KarlyDacca@cvsu.edu.ph
202391327,Joshuah Jorry,JoshuahJorry@cvsu.edu.ph
202384674,Lockwood Simonson,LockwoodSimonson@cvsu.edu.ph
202300395,Ev Dottridge,EvDottridge@cvsu.edu.ph
202344108,Kelsey Cossem,KelseyCossem@cvsu.edu.ph
202315950,Carmine Barltrop,CarmineBarltrop@cvsu.edu.ph
202343370,Araldo Branigan,AraldoBranigan@cvsu.edu.ph
202311525,Roxanna Cod,RoxannaCod@cvsu.edu.ph
202394216,Marwin Walters,MarwinWalters@cvsu.edu.ph
202398262,Merlina Wolfit,MerlinaWolfit@cvsu.edu.ph
202355786,Geoff Tompkiss,GeoffTompkiss@cvsu.edu.ph
202301227,Titos Cleaver,TitosCleaver@cvsu.edu.ph
202349006,Luce Weed,LuceWeed@cvsu.edu.ph
202330810,Angelita Benardet,AngelitaBenardet@cvsu.edu.ph
202370854,Dennie Casale,DennieCasale@cvsu.edu.ph
202395347,Corny Erie,CornyErie@cvsu.edu.ph
202373380,Remington Manhood,RemingtonManhood@cvsu.edu.ph
202368688,Emily Howis,EmilyHowis@cvsu.edu.ph
202319131,Sully Dyhouse,SullyDyhouse@cvsu.edu.ph
202340712,Carole Carleman,CaroleCarleman@cvsu.edu.ph
202355932,Carol-jean Matteini,Carol-jeanMatteini@cvsu.edu.ph
202335274,Hersch Fearnill,HerschFearnill@cvsu.edu.ph
202309181,Bernardo Bris,BernardoBris@cvsu.edu.ph
202302383,Daveen Duff,DaveenDuff@cvsu.edu.ph
202351138,Bran Mathivet,BranMathivet@cvsu.edu.ph
202384583,Werner Brannon,WernerBrannon@cvsu.edu.ph
202330359,Caresa Sinclar,CaresaSinclar@cvsu.edu.ph
202388494,Bobbi MacDiarmond,BobbiMacDiarmond@cvsu.edu.ph
202387072,Kary Maier,KaryMaier@cvsu.edu.ph
202377724,Erskine Camili,ErskineCamili@cvsu.edu.ph
202358962,Aharon Baack,AharonBaack@cvsu.edu.ph
202367407,Layne Queenborough,LayneQueenborough@cvsu.edu.ph
202349951,Bobbi Alejandro,BobbiAlejandro@cvsu.edu.ph
202379092,Kym Castagnier,KymCastagnier@cvsu.edu.ph
202374968,Kermie Mannock,KermieMannock@cvsu.edu.ph
202301742,Gratia Schuler,GratiaSchuler@cvsu.edu.ph
202359192,Marjory Klesl,MarjoryKlesl@cvsu.edu.ph
202361220,Haslett Koene,HaslettKoene@cvsu.edu.ph
202303016,Warren Sacker,WarrenSacker@cvsu.edu.ph
202340659,Ebba Revett,EbbaRevett@cvsu.edu.ph
202379061,Pinchas Brims,PinchasBrims@cvsu.edu.ph
202303353,Sashenka Gate,SashenkaGate@cvsu.edu.ph
202351764,Sallee Sibbet,SalleeSibbet@cvsu.edu.ph
202366843,Hetti Dowthwaite,HettiDowthwaite@cvsu.edu.ph
202355452,Cassi Dudden,CassiDudden@cvsu.edu.ph
202375884,Coriss Constanza,CorissConstanza@cvsu.edu.ph
202351764,Betty Duplock,BettyDuplock@cvsu.edu.ph
202317669,Kelcey Franceschelli,KelceyFranceschelli@cvsu.edu.ph
202357376,Peggie Diggens,PeggieDiggens@cvsu.edu.ph
202338136,Rhys O'Glessane,RhysO'Glessane@cvsu.edu.ph
202320465,Helena Bedburrow,HelenaBedburrow@cvsu.edu.ph
202314789,Judith Thistleton,JudithThistleton@cvsu.edu.ph
202346977,Stella Cancott,StellaCancott@cvsu.edu.ph
202365284,Stesha McLoney,SteshaMcLoney@cvsu.edu.ph
202321918,Collette Tootin,ColletteTootin@cvsu.edu.ph
202336428,Hurlee Scare,HurleeScare@cvsu.edu.ph
202327592,Rolf Garden,RolfGarden@cvsu.edu.ph
202391255,Ryun Peirson,RyunPeirson@cvsu.edu.ph
202324686,Robbi Giraths,RobbiGiraths@cvsu.edu.ph
202345891,Del Maple,DelMaple@cvsu.edu.ph
202389089,Arabele Polle,ArabelePolle@cvsu.edu.ph
202366136,Paulina Kemish,PaulinaKemish@cvsu.edu.ph
202395005,Paige Dobing,PaigeDobing@cvsu.edu.ph
202300901,Kit Emmerson,KitEmmerson@cvsu.edu.ph
202330872,Neel Corbally,NeelCorbally@cvsu.edu.ph
202384347,Lodovico Face,LodovicoFace@cvsu.edu.ph
202391834,Leopold Killen,LeopoldKillen@cvsu.edu.ph
202357746,Mersey McCallum,MerseyMcCallum@cvsu.edu.ph
202357769,Rab Paul,RabPaul@cvsu.edu.ph
202380229,Betsey Columbell,BetseyColumbell@cvsu.edu.ph
202337849,Livy Walburn,LivyWalburn@cvsu.edu.ph
202398128,Tamara Vidgeon,TamaraVidgeon@cvsu.edu.ph
202336270,Garvin Aspling,GarvinAspling@cvsu.edu.ph
202324737,Prentice Ladd,PrenticeLadd@cvsu.edu.ph
202375260,Kent Leaves,KentLeaves@cvsu.edu.ph
202353751,Corliss Grimditch,CorlissGrimditch@cvsu.edu.ph
202304063,Cornelia Scatchar,CorneliaScatchar@cvsu.edu.ph
202395428,Pet Ruzicka,PetRuzicka@cvsu.edu.ph
202378992,Ingram Mc Gee,IngramMcGee@cvsu.edu.ph
202335985,Dorrie Cartan,DorrieCartan@cvsu.edu.ph
202350380,Claudette Surcombe,ClaudetteSurcombe@cvsu.edu.ph
202331585,Bernelle Dubble,BernelleDubble@cvsu.edu.ph
202391089,Melody Bonney,MelodyBonney@cvsu.edu.ph
202308496,Chelsie Reeks,ChelsieReeks@cvsu.edu.ph
202397506,Fran Francesc,FranFrancesc@cvsu.edu.ph
202377506,Veronica Onions,VeronicaOnions@cvsu.edu.ph
202323837,Selby Paoli,SelbyPaoli@cvsu.edu.ph
202307400,Orton Denecamp,OrtonDenecamp@cvsu.edu.ph
202398105,Zaccaria Offield,ZaccariaOffield@cvsu.edu.ph
202383196,Johann De Dantesie,JohannDeDantesie@cvsu.edu.ph
202381648,Ivory Tratton,IvoryTratton@cvsu.edu.ph
202325850,Dev Oleszczak,DevOleszczak@cvsu.edu.ph
202300005,Braden Skryne,BradenSkryne@cvsu.edu.ph
202366721,Nickey Purseglove,NickeyPurseglove@cvsu.edu.ph
202342757,Mamie Broadbent,MamieBroadbent@cvsu.edu.ph
202309901,Rosita Bedbrough,RositaBedbrough@cvsu.edu.ph
202311352,Aurea Forder,AureaForder@cvsu.edu.ph
202312498,Cooper Fiorentino,CooperFiorentino@cvsu.edu.ph
202352545,Gaylor Medwell,GaylorMedwell@cvsu.edu.ph
202375267,Diann Caras,DiannCaras@cvsu.edu.ph
202390096,Aurora Solomon,AuroraSolomon@cvsu.edu.ph
202333014,Dorthea Flecknoe,DortheaFlecknoe@cvsu.edu.ph
202335752,Moses Bonafant,MosesBonafant@cvsu.edu.ph
202399039,Valera Conboy,ValeraConboy@cvsu.edu.ph
202364094,Stesha Caccavari,SteshaCaccavari@cvsu.edu.ph
202358979,Kinnie MacCole,KinnieMacCole@cvsu.edu.ph
202306099,Ivor Demageard,IvorDemageard@cvsu.edu.ph
202365426,Antonin Shord,AntoninShord@cvsu.edu.ph
202303225,Torre Bottleson,TorreBottleson@cvsu.edu.ph
202300166,Maurita Attenbrow,MauritaAttenbrow@cvsu.edu.ph
202380460,Rand Aimable,RandAimable@cvsu.edu.ph
202303170,Kurtis Ziemsen,KurtisZiemsen@cvsu.edu.ph
202332512,Shaylah Wiburn,ShaylahWiburn@cvsu.edu.ph
202305112,Felice Real,FeliceReal@cvsu.edu.ph
202309062,Brittne Filippozzi,BrittneFilippozzi@cvsu.edu.ph
